-0.01645205356180668	-0.016721732914447784	0.01080079935491085	-0.013034481555223465	0.0034281029365956783	-0.021600255742669106	-0.014592084102332592	-0.013802798464894295	-0.01153629645705223	-0.018839025869965553	-0.005592514760792255	-0.021082626655697823	0.023629192262887955	-0.008126305416226387	0.019216658547520638	-0.004964268766343594	0.00019128975691273808	0.019554676488041878	0.004656514152884483	0.007231590803712606	-0.015308871865272522	-0.010101940482854843	0.001247595762833953	0.005231653340160847	-0.0022476031444966793	-0.017164727672934532	0.0022975581232458353	0.00991038791835308
0.0008593021775595844	-0.0027932515367865562	0.014168038964271545	-0.032730862498283386	0.01813085749745369	-0.000617975601926446	0.0019621660467237234	0.020111823454499245	-0.01062437891960144	-0.015377714298665524	0.017680145800113678	-0.0007217322709038854	-0.002418898744508624	0.042145226150751114	0.009677855297923088	-0.00626706425100565	0.01882484182715416	-0.0006324479472823441	0.003223789157345891	-0.02550918236374855	-0.0006055435515008867	0.024604668840765953	-0.014461519196629524	0.01725989580154419	0.008680636063218117	-0.00888176541775465	-0.001770193688571453	0.0019678010139614344
0.034949056804180145	0.03344337269663811	0.010270996019244194	0.004645367618650198	0.019820306450128555	0.010521573014557362	-0.0020360013004392385	0.0009875261457636952	0.023185621947050095	0.01708824373781681	0.00957663357257843	0.029504550620913506	0.009006565436720848	0.0324709415435791	0.012610473670065403	-0.0053817532025277615	-0.017398148775100708	0.018543798476457596	-0.00595098827034235	0.0026757377199828625	0.021828975528478622	-0.004207545425742865	0.01789267174899578	-0.0315675213932991	0.006174421403557062	-0.028538614511489868	0.01762912981212139	-0.038675349205732346
0.01484528835862875	0.02350548841059208	0.005087661556899548	-0.0032598695252090693	0.001969052478671074	-0.0535978302359581	-0.007012188900262117	0.018133072182536125	-0.006005866918712854	0.016881857067346573	0.008548879064619541	-0.004761206917464733	0.010498536750674248	-0.012585927732288837	0.0002812944003380835	0.027361048385500908	0.012047801166772842	-0.020215878263115883	0.011987975798547268	0.03186652436852455	0.0006292422767728567	0.013445532880723476	-0.005654123146086931	-0.007996988482773304	-0.009702911600470543	-0.019671060144901276	-0.027051802724599838	0.0025091602001339197
-0.0068351393565535545	-0.018688036128878593	-0.0021139164455235004	0.021110499277710915	-0.05262964218854904	-0.0026638528797775507	-0.01794099248945713	-0.038338322192430496	-0.006147344131022692	0.015364923514425755	0.01427889708429575	-0.0032838929910212755	-0.007140358444303274	0.007468272931873798	-0.018791353330016136	0.0062565612606704235	-0.041155505925416946	0.0158567875623703	0.00192486890591681	0.05486090108752251	-0.039799463003873825	0.009112898260354996	-0.027732152491807938	0.03800969198346138	0.00907190516591072	-0.00970179121941328	-0.028045905753970146	0.005730027332901955
-0.01610463857650757	0.018231142312288284	0.043507397174835205	0.00019500558846630156	0.010801469907164574	0.013485662639141083	0.030498934909701347	0.01042768731713295	-0.017799092456698418	0.005184865090996027	0.006473254412412643	0.011086974292993546	-0.026176296174526215	0.0032596762757748365	-0.008471235632896423	-0.008250594139099121	0.022984007373452187	0.0006369295297190547	0.019120950251817703	0.005238429177552462	-0.008148193359375	0.01486485917121172	0.031384456902742386	-0.00762854004278779	-0.022189365699887276	0.006086691282689571	0.05865556746721268	0.02338414639234543
-0.03610308840870857	0.010876813903450966	-0.026469171047210693	0.02005363255739212	0.015984661877155304	-0.024966293945908546	-0.003118799300864339	-0.035483088344335556	-0.04329361021518707	0.007471389137208462	0.0026191642973572016	-0.017208926379680634	-0.0329933762550354	0.045238930732011795	0.018088579177856445	-0.022969136014580727	-0.014315789565443993	0.02040925994515419	0.008428581990301609	-0.01009491179138422	0.01652478612959385	0.0072999512776732445	0.00918593443930149	0.0468878336250782	0.025413881987333298	-0.00651684682816267	0.0013317447155714035	-0.004717886447906494
0.0023196074180305004	0.004408413078635931	0.0019709658809006214	0.017832599580287933	0.04208316653966904	-0.003597542643547058	0.011418147012591362	-0.01866288110613823	-0.0006841286085546017	0.006119813770055771	0.008834870532155037	0.020120155066251755	-0.0026515235658735037	-0.011871283873915672	-0.017230793833732605	0.012035955674946308	0.0074907164089381695	0.016909202560782433	-0.03691262751817703	0.0036993101239204407	-0.03925463557243347	-0.02407909370958805	0.006964873522520065	0.002756907604634762	-0.03500880300998688	-0.022327596321702003	-0.005607569124549627	-0.009633246809244156
-0.0393187515437603	0.022020144388079643	0.003258376382291317	0.008211001753807068	0.02238432504236698	0.00544882332906127	-0.01843258924782276	-0.014466775581240654	-0.023937474936246872	0.021556805819272995	0.00037499729660339653	-0.007421149406582117	-0.014815456233918667	-0.008662411011755466	-0.02434197999536991	-0.000898549915291369	-0.011546631343662739	-0.011016744188964367	-0.016529057174921036	-0.01946636475622654	0.016143321990966797	-0.010261605493724346	-0.019819987937808037	-0.017197823151946068	-0.009442604146897793	-0.0031900920439511538	0.013905237428843975	-0.0013249767944216728
0.026975717395544052	0.01199203822761774	-0.01877589523792267	-0.004758751485496759	-0.012771536596119404	-0.01266398187726736	0.005754308775067329	0.03184416517615318	0.014664115384221077	-0.021367324516177177	0.0013742236187681556	-0.0339200384914875	-0.01918492093682289	-0.0023453033063560724	0.00044461939251050353	0.04069701209664345	-0.0033313212916254997	0.0005870932945981622	-0.0016339748399332166	0.029231823980808258	0.004165355581790209	0.0018199667101725936	0.00469354959204793	0.03681963309645653	-0.019765280187129974	0.022235754877328873	0.01570879854261875	0.03307119011878967
0.012804027646780014	0.012376858852803707	-0.03586186468601227	0.017302950844168663	-0.001372234313748777	-0.01907028816640377	0.01918414607644081	0.012133892625570297	0.021070057526230812	0.014429067261517048	-0.0019083467777818441	0.022029373794794083	0.015560957603156567	-0.0035619221162050962	0.0015124870697036386	-0.028127629309892654	-0.014780459925532341	-0.034742020070552826	0.005361567717045546	-0.02203476056456566	-0.014604633674025536	0.018498841673135757	-0.03441999480128288	-0.006862012669444084	-0.01864703744649887	0.022071586921811104	0.0034854093100875616	0.01555912010371685
-0.01950303092598915	0.007988271303474903	-0.016111576929688454	-0.04707922041416168	-0.03202693536877632	0.008452341891825199	0.012754957191646099	0.028430359438061714	-0.016154617071151733	0.0011493847705423832	0.013935745693743229	0.007588198408484459	-0.026379184797406197	0.009280265308916569	-0.008942916058003902	0.012229030020534992	-0.03827250003814697	-0.01415881048887968	0.022304514423012733	0.024167826399207115	-0.0021001454442739487	0.01745201274752617	0.0074484581127762794	-0.017582042142748833	-0.005689510144293308	-0.003652341663837433	0.029934028163552284	-0.004801203031092882
-0.008767769671976566	0.00036872606142424047	0.007696455344557762	-0.010774437338113785	-0.0017647569766268134	-0.016488198190927505	-0.033613476902246475	-0.006881264969706535	0.016199814155697823	-0.016333429142832756	-0.0357297919690609	-0.021005667746067047	-0.0397876501083374	0.04006039351224899	0.006185032427310944	0.006968747824430466	-0.0013569308212026954	0.05746522918343544	0.004915250930935144	0.01546299085021019	0.031596239656209946	0.0009385904995724559	-0.021414630115032196	-0.0040109422989189625	-0.026947032660245895	-0.011859327554702759	0.002945707878097892	-0.010391873307526112
-0.041377563029527664	-0.007667339872568846	0.0020783788058906794	0.013416530564427376	0.031326208263635635	-0.0032082744874060154	-0.0016832819674164057	-0.011583277955651283	-0.010248136706650257	0.011894644238054752	0.03630993887782097	0.0438525564968586	-0.019846081733703613	0.015352772548794746	-0.021087784320116043	0.001657057087868452	0.005273585207760334	0.0038696425035595894	0.016996918246150017	-0.017357835546135902	-0.04852576181292534	-0.035767264664173126	0.01288076862692833	-0.015123475342988968	-0.018225494772195816	-0.03126145154237747	0.010943454690277576	-0.013273218646645546
0.009228488430380821	-0.003633087268099189	0.01264573261141777	0.020043354481458664	0.0018631193088367581	0.026401963084936142	0.03168024867773056	-0.0018197422614321113	0.00016452264389954507	0.013745713047683239	0.04251617193222046	0.005111670587211847	-0.002640429185703397	0.01833408698439598	-0.028226925060153008	0.01025931816548109	-0.017301080748438835	0.023505032062530518	-0.020441127941012383	0.017753565683960915	0.006680611055344343	0.019394777715206146	-0.0016977927880361676	0.01641901582479477	-0.017828354611992836	-0.00913263764232397	0.021013077348470688	-0.010675368830561638
0.024358371272683144	-0.007828128524124622	0.010462540201842785	-0.0008235062705352902	0.009350176900625229	-0.027398036792874336	0.008759614080190659	-0.01859654299914837	-0.011783805675804615	0.02119104377925396	-0.019321506842970848	-0.007451178040355444	0.009360800497233868	0.008157661184668541	-0.0018442427972331643	0.0028952478896826506	-0.04656604677438736	0.013223802670836449	-0.006102695129811764	-0.023829622194170952	0.004159084986895323	0.019303346052765846	-0.004077625460922718	0.004423253703862429	0.003965770360082388	0.00490236934274435	0.018347835168242455	-0.006324718240648508
-0.016922922804951668	-0.02597692236304283	-0.05248526483774185	0.0053083267994225025	-0.04246734827756882	0.0026709127705544233	-0.015389442443847656	0.010181793943047523	0.03306669369339943	0.0025813293177634478	0.026122214272618294	-0.04088212922215462	-0.020832117646932602	0.019398894160985947	-0.026197146624326706	-0.008818934671580791	-0.0033362163230776787	-0.0386175736784935	-0.007397279143333435	0.03502417355775833	-0.0012689222348853946	0.04270906373858452	-0.013369535095989704	-0.023632323369383812	-0.031762707978487015	-0.013878798112273216	-0.012467087246477604	0.03221563249826431
0.012101639062166214	-0.006975207012146711	-0.0008012106991373003	-0.010057548061013222	0.0015357695519924164	0.009369200095534325	-0.004501855466514826	-0.05445735901594162	0.03349054977297783	0.01904389262199402	0.007859225384891033	-0.02734827622771263	-0.020219836384058	0.00980423204600811	-0.0028548422269523144	-0.001173466444015503	-0.008369025774300098	-0.013921933248639107	0.013358593918383121	-0.025170976296067238	0.009852803312242031	-0.02421574853360653	0.02931223250925541	-0.01152673177421093	0.03678825870156288	-0.016455216333270073	-0.028414566069841385	0.0017438478535041213
-0.008678870275616646	-0.03684712573885918	0.021884256973862648	0.005802263040095568	0.03175540268421173	-0.030826054513454437	0.046860694885253906	-0.008447268046438694	-0.021513283252716064	0.009414573200047016	0.01708853617310524	0.00947461649775505	-0.04765091836452484	-0.0412360355257988	0.007441084831953049	0.03145468235015869	0.0034204302355647087	0.030893897637724876	-0.0411512553691864	0.012241709046065807	-0.027344604954123497	0.01302960142493248	-0.007414239924401045	0.013101914897561073	-0.030983183532953262	-0.016211651265621185	-0.005352152045816183	0.03630087897181511
0.006625032983720303	-0.0203580092638731	0.020348135381937027	-0.014184298925101757	-0.034254174679517746	0.0006747730658389628	0.02080761082470417	-0.0036281179636716843	-0.03043248876929283	0.025333097204566002	0.014401459135115147	-0.012357967905700207	0.0228774081915617	0.008459832519292831	-0.04025966674089432	0.021623393520712852	-0.012877149507403374	-0.029364675283432007	-0.021590430289506912	0.030019577592611313	-0.0041618337854743	0.001366227283142507	0.011687063612043858	-0.014043637551367283	0.002655838616192341	0.02379099279642105	-0.01109639834612608	0.0034874859265983105
0.03807879239320755	-0.00286516803316772	0.01095794327557087	-0.028459247201681137	0.009442539885640144	-0.023769285529851913	-0.012607656419277191	0.0322616770863533	-0.010465259663760662	0.0026097935624420643	0.009246465750038624	-0.004300436470657587	-0.011937729083001614	0.020341485738754272	0.012903248891234398	-0.013685372658073902	-0.002395445480942726	-0.001575262052938342	-0.019985061138868332	0.03493161499500275	-0.010188683867454529	-0.021052734926342964	0.005490610841661692	-0.02221812680363655	0.024904979392886162	-0.004874168895184994	-0.000867736991494894	-0.007295727729797363
0.005738116335123777	0.04928658902645111	-0.026499275118112564	-0.0037517689634114504	0.012556644156575203	-0.024487784132361412	0.008586356416344643	0.0011055399663746357	-0.004293535370379686	0.006251677870750427	0.001107567804865539	0.006270993035286665	-0.009292234666645527	0.001475699245929718	0.006269006058573723	0.010053387843072414	-0.01450584176927805	-0.02940448373556137	0.007063832599669695	-0.020194541662931442	0.03174491971731186	0.022762225940823555	-0.016938209533691406	-0.028537249192595482	0.016024315729737282	-0.0312923938035965	-0.0020522542763501406	-0.0006585541996173561
0.00888223759829998	-0.00811446737498045	-0.031265877187252045	-0.012565378099679947	-0.00862843357026577	0.01216796599328518	-0.06994596123695374	-0.008643520064651966	0.05220949649810791	-0.0014258789597079158	-0.031040528789162636	0.017799019813537598	0.010124582797288895	-0.027564508840441704	-0.015049624256789684	0.01907098852097988	0.021863818168640137	-0.017458943650126457	0.004961416125297546	0.0026864211540669203	0.007509566843509674	-0.03718189522624016	0.008946140296757221	0.01418179739266634	-0.0159633606672287	0.03215868026018143	0.0024349817540496588	-0.01357601024210453
0.00011351323337294161	-0.0064096772111952305	0.005376542918384075	0.02172776870429516	-0.0037868772633373737	-0.001152534270659089	0.021887151524424553	-0.047669921070337296	-0.03206097334623337	0.002376902848482132	-0.033806320279836655	0.012318660505115986	-0.011368591338396072	0.0014205522602424026	-0.019332023337483406	-0.010020077228546143	0.03279712051153183	-0.03496070206165314	0.005619252100586891	0.005017655435949564	0.02584163099527359	0.02179924212396145	-0.026294102892279625	0.00392037583515048	-0.01348614040762186	-0.023374998942017555	0.002355645876377821	-0.0072786458767950535
-0.013869870454072952	-0.00567692331969738	-0.0038764423225075006	-0.009356645867228508	0.0003024051839020103	-0.015110894106328487	-0.00702655827626586	-0.01836242899298668	0.014304936863481998	0.022515449672937393	-0.008076497353613377	-0.027680274099111557	-0.003944655414670706	0.03159971907734871	-0.026303483173251152	-0.004886340815573931	0.023966757580637932	0.0433330163359642	0.026312606409192085	-0.021781044080853462	0.02312290295958519	-0.017277687788009644	0.021452374756336212	-0.0008300832705572248	0.013934857212007046	-0.003644539974629879	-0.004285758826881647	0.007843860425055027
-0.022125566378235817	0.009946322068572044	0.03267042338848114	0.00899085309356451	-0.009944034740328789	0.03345834091305733	-0.0301510002464056	0.029394052922725677	-0.001864334917627275	0.018417000770568848	0.001438470440916717	-0.00038989484892226756	0.021221697330474854	0.0027073360979557037	-0.0066020372323691845	0.00506054749712348	0.03406746685504913	0.03619995713233948	0.032487839460372925	0.012110218405723572	-0.030427739024162292	-0.016941402107477188	-0.013865583576261997	0.0020407296251505613	0.010725350119173527	0.00999629870057106	0.013703051954507828	0.012934617698192596
0.010940774343907833	-0.006001666653901339	-0.003110902151092887	0.03758728876709938	-0.017115630209445953	0.02233949862420559	-0.008657235652208328	-0.012658270075917244	0.012646853923797607	-0.019736945629119873	0.01202488411217928	0.021044790744781494	-0.037114452570676804	-0.007230417337268591	-0.02150956355035305	-0.0016087277326732874	0.00682822847738862	0.02590690553188324	-0.0001436793536413461	0.014168888330459595	0.00703461142256856	-0.004465335980057716	0.017292102798819542	0.01680639386177063	0.017380351200699806	-9.398277325090021e-05	-0.004901024512946606	-0.047824662178754807
-0.01449619047343731	0.0037270605098456144	-0.01828978955745697	-0.011602151207625866	-0.03620722517371178	-0.02796483039855957	-0.004379452671855688	-0.015293160453438759	-0.006153956521302462	0.016667336225509644	-0.019965818151831627	-0.0026713896077126265	0.020899614319205284	-0.023019790649414062	0.011362418532371521	0.028465066105127335	-0.0015496037667617202	0.026830894872546196	-0.019826840609312057	-0.011793546378612518	0.031202739104628563	0.02914472669363022	0.0018822221318259835	0.0261069443076849	-0.004411822650581598	0.005555986426770687	0.020906686782836914	0.011144733987748623
0.030949970707297325	-0.015714246779680252	-0.02720949612557888	0.010717707686126232	0.00991475023329258	0.03377411887049675	0.018567830324172974	-0.021962439641356468	-0.013575885444879532	-0.03487343341112137	-0.02027578465640545	-0.05621197447180748	0.03601165860891342	0.017993653193116188	0.0004789853992406279	0.024394599720835686	0.008096595294773579	0.002552445512264967	-0.00411056075245142	0.012609409168362617	0.006384567357599735	0.011619795113801956	-0.013617394492030144	0.02703283540904522	-0.008719781413674355	0.016435667872428894	-0.0055053383111953735	0.0020771229173988104
0.04728930816054344	0.036013685166835785	-0.0045865559950470924	-0.02215646393597126	0.0216705109924078	-0.021985089406371117	0.010822569951415062	0.009234420023858547	0.011169392615556717	-0.0089991120621562	0.034435149282217026	-0.0008805221877992153	-0.014079617336392403	-0.03733435645699501	-0.04277469590306282	0.006249580066651106	0.039684925228357315	-0.014719423837959766	-0.009226457215845585	-0.02634594589471817	0.022594835609197617	0.002560156164690852	0.02680959925055504	0.006222927942872047	-0.0069866059347987175	0.005058015696704388	0.024767357856035233	0.03793305531144142
0.04302388057112694	0.020668696612119675	-0.06630270183086395	-0.005463871639221907	0.012517440132796764	-0.02910490706562996	-0.0015618784818798304	0.029119230806827545	-0.023051513358950615	-0.01683063432574272	-0.005285787396132946	0.02283715456724167	0.01462626550346613	0.005590064916759729	-0.016948604956269264	0.02470823936164379	0.008889885619282722	0.0023698206059634686	-0.004635321907699108	0.026620065793395042	0.01616058498620987	-0.0012707278365269303	-0.02637106366455555	-0.0278690904378891	0.023843681439757347	-0.006428540218621492	0.0075115240179002285	-0.010123834013938904
-0.007623322308063507	0.004649010486900806	-0.0006155109731480479	-0.021828586235642433	0.011366802267730236	-0.00553762586787343	-0.0031099440529942513	-0.0025783153250813484	-0.002368838991969824	0.006009675096720457	-0.002695081988349557	0.02503255009651184	0.011825776658952236	-0.007579535245895386	-0.030882811173796654	-0.038329970091581345	-0.025410432368516922	-0.006087666843086481	-0.030144019052386284	-0.0127410301938653	-0.011928290128707886	-0.00791782233864069	0.03635692596435547	0.025388717651367188	0.022500306367874146	0.02888348698616028	-0.007466206327080727	-0.007088553626090288
0.013077281415462494	-0.0069626872427761555	-0.017126047983765602	0.0054653603583574295	-0.011218992061913013	-0.030428318306803703	0.006990219932049513	0.04008539021015167	-0.008117838762700558	0.03285732492804527	0.008993956260383129	0.023991700261831284	-0.017732786014676094	-0.005644560791552067	0.015771344304084778	-0.011863256804645061	0.010911785066127777	0.038339629769325256	0.03539254143834114	0.01814066432416439	-0.003377690212801099	0.04340899735689163	-0.015212047845125198	0.007751201279461384	0.00018428369367029518	-0.013732590712606907	0.02597358636558056	0.026032984256744385
-0.0038969938177615404	0.008168879896402359	-0.031690776348114014	-0.0032175004016608	0.017219513654708862	0.003498026402667165	0.02765447273850441	0.009853658266365528	-0.008988509885966778	0.015467284247279167	-0.0016767539782449603	0.0033105891197919846	-0.00604578061029315	-0.03530040755867958	-0.010731527581810951	0.0025213113985955715	-0.02510889247059822	0.020068630576133728	0.019129790365695953	0.00929164607077837	0.0021316721104085445	-0.010466115549206734	0.01628761552274227	0.007403357420116663	0.029483705759048462	0.02955501526594162	-0.0038881644140928984	-0.015375599265098572
0.028372740373015404	-0.008695794269442558	0.0038308417424559593	0.010641636326909065	-0.014413805678486824	0.003423835150897503	-0.005766659043729305	-0.007646485231816769	0.0132879838347435	-0.004389380570501089	0.043941251933574677	0.008890658617019653	0.050642628222703934	0.0214366614818573	-0.021589843556284904	-0.015621754340827465	-0.025754103437066078	0.02193429134786129	-0.004768374375998974	-0.03422999382019043	0.011022419668734074	-0.006310245953500271	-0.03265024721622467	0.01294225174933672	0.004759959876537323	0.01765388436615467	0.00482902443036437	-0.010101718828082085
0.0034200160298496485	-0.013647688552737236	0.0067003690637648106	0.0009025210165418684	-0.011123278178274632	0.011487916111946106	-0.017758652567863464	0.006509325932711363	-0.0341908223927021	0.01793086901307106	-0.009540180675685406	-0.001766300410963595	-0.034931961447000504	-0.026792846620082855	0.029558412730693817	0.0360601544380188	0.0006879318389110267	-0.01488717645406723	0.03226911276578903	0.0070559196174144745	0.014435263350605965	0.000681811710819602	0.016415825113654137	0.030086049810051918	-0.009976292960345745	0.015415037982165813	0.027532080188393593	-0.0037474611308425665
0.002399670658633113	-9.924590995069593e-05	-0.0037012510001659393	0.014555341564118862	-0.005713008344173431	-0.001117692212574184	0.00791872013360262	-0.0056570544838905334	-0.03366146609187126	0.053178831934928894	0.012772449292242527	-0.012260058894753456	0.027079762890934944	0.004190667998045683	-0.02338079921901226	-0.02075914293527603	-0.023185253143310547	0.023782853037118912	-0.01783958077430725	-0.011517575941979885	0.0015899200225248933	-0.017542913556098938	-0.027546696364879608	0.004142144229263067	0.015919018536806107	-0.02094484679400921	0.008756791241466999	0.0014008242869749665
0.020514292642474174	0.009175745770335197	0.01985568180680275	-0.015935208648443222	-0.006450736429542303	0.0064899250864982605	-0.016813082620501518	0.0036508983466774225	-0.011940029449760914	-0.014471160247921944	0.021356508135795593	0.013014263473451138	-2.7067553673987277e-05	-0.01108274795114994	0.01390930823981762	-9.00213053682819e-05	0.00343445036560297	0.01897653378546238	0.04434051737189293	0.01884968765079975	0.007440108340233564	-0.007793446071445942	-0.019329648464918137	-0.012979922816157341	-0.031000478193163872	0.018285010010004044	-0.0011949577601626515	0.029379116371273994
0.010524008423089981	0.018040131777524948	0.012373353354632854	-0.03157762438058853	-0.004757855087518692	-0.025398969650268555	-0.027252594009041786	-0.019974345341324806	0.02281922474503517	-0.0018492660019546747	0.0014830934815108776	0.008508751168847084	-0.011062843725085258	0.0053023686632514	0.02269800938665867	-0.009534499607980251	-0.010715711861848831	0.00295394123531878	-0.032041456550359726	-0.003659677691757679	-0.020923174917697906	-0.04384344443678856	0.00015580077888444066	0.014235557988286018	0.020831992849707603	0.043981295078992844	0.0249333418905735	0.006632533390074968
-0.017123570665717125	-0.022940730676054955	0.02424956113100052	0.008601662702858448	-0.004353052470833063	0.030837975442409515	0.011410494334995747	-0.009742284193634987	-0.010340537875890732	0.00032739146263338625	0.01664135605096817	-0.000649675028398633	0.024996332824230194	-0.02059791050851345	0.009865611791610718	0.02493615262210369	-0.003868992906063795	0.006081931293010712	-0.000617870653513819	-0.02377426065504551	-0.01402471773326397	0.006778236012905836	-0.01673334278166294	-0.007027330342680216	-0.03640059754252434	0.008546760305762291	0.01853044144809246	0.0007940883515402675
-0.01563212089240551	0.044722795486450195	-0.029209889471530914	-0.016144266352057457	0.03892302140593529	0.016917334869503975	-0.013583602383732796	-0.03524376451969147	0.010933784767985344	-0.0020210607908666134	-0.010682744905352592	-0.016159135848283768	0.00677676172927022	-0.0573069304227829	-0.008437352254986763	-0.003467717207968235	-0.025007931515574455	0.025669952854514122	-0.008416552096605301	-0.04481128230690956	0.02531098574399948	0.007984996773302555	0.04970705509185791	-0.0014121939893811941	0.013123520649969578	-0.02608795277774334	0.014762814156711102	-0.030021237209439278
-0.011759438551962376	-0.027372339740395546	-0.005049940198659897	-0.02047063782811165	-0.020958788692951202	-0.0022744880989193916	-0.04308895394206047	-0.008917435072362423	0.0011015512282028794	-0.02241193875670433	-0.021473849192261696	0.003100406378507614	0.03544335439801216	-0.03583725541830063	0.039369940757751465	0.014301206916570663	-0.012660177424550056	0.013700336217880249	0.022805608808994293	0.009914403781294823	-0.0049043563194572926	-0.010763958096504211	-0.007008093409240246	-0.0037175423931330442	0.014192517846822739	0.01676768809556961	0.011725791729986668	0.0038148697931319475
0.023189714178442955	0.015711123123764992	0.014940728433430195	0.018546247854828835	0.008098951540887356	-0.012999708764255047	0.04469829425215721	-0.020290298387408257	-0.01549497339874506	-0.023386668413877487	0.022390536963939667	-0.026038706302642822	-0.010185658931732178	0.005260734353214502	-0.002812061458826065	-0.017718322575092316	-0.03794066980481148	-0.021986810490489006	0.02188730612397194	0.020708661526441574	0.0021206059027463198	-0.001352044870145619	-0.005989300087094307	0.02105613239109516	-0.0015817800303921103	0.0011005656560882926	0.021223217248916626	0.023624874651432037
-0.013703216798603535	0.022443775087594986	-0.02206418663263321	0.010723910294473171	-0.013150258921086788	-0.006468030624091625	-0.007497563026845455	0.028376268222928047	0.015825027599930763	-0.019405197352170944	0.00016744864115025848	-0.009843721054494381	0.03194219619035721	0.019407352432608604	-0.009354368783533573	-0.03307204693555832	-0.012230482883751392	-0.00546281086280942	-0.011554245837032795	0.02693764865398407	-0.0017105703009292483	-0.021892765536904335	0.005220442079007626	-0.03824872896075249	0.01274766307324171	0.0024664944503456354	0.0009436057298444211	-0.004205940756946802
-0.010495471768081188	-0.01246038917452097	0.015642531216144562	-0.012097427621483803	-0.018478065729141235	-0.008515081368386745	0.028701437637209892	-0.0009660377982072532	-0.0018496732227504253	-0.013665779493749142	-0.017232097685337067	-0.012301321141421795	-0.0065509844571352005	0.013885161839425564	0.004761688876897097	0.005899438168853521	-0.022176019847393036	0.011835864745080471	0.0015202180948108435	0.016957422718405724	0.020647935569286346	-0.032396554946899414	0.035639647394418716	0.011274933815002441	0.013638349249958992	-0.023431839421391487	-0.008780494332313538	0.017411893233656883
-0.01351207122206688	0.00832076370716095	-0.011501218192279339	-0.021821321919560432	-0.006675004027783871	-0.03569294512271881	0.0027998664882034063	0.03939685598015785	0.007966945879161358	0.012477247044444084	-0.015468589961528778	0.03406175971031189	-0.008044393733143806	0.022235194221138954	0.0020899835508316755	-0.002650971058756113	-0.009648124687373638	0.019626853987574577	0.029350053519010544	0.018078841269016266	-0.03207671642303467	-0.0063787358812987804	0.004962892271578312	-0.01619223691523075	0.030306925997138023	0.004278144333511591	-0.010643800720572472	-0.0023824116215109825
-0.007265721447765827	-0.002567510586231947	0.007278934586793184	-0.0005666494835168123	-0.01626496948301792	0.0037224532570689917	0.02847159095108509	0.0008321790955960751	0.0008086870657280087	0.02786206267774105	0.006352980621159077	-0.03167986497282982	0.015535321086645126	0.013652794063091278	-0.011509295552968979	0.010683325119316578	-0.012732401490211487	-0.018422449007630348	0.011514170095324516	-0.024496309459209442	0.019992368295788765	0.01601305603981018	-0.0025701133999973536	0.023129496723413467	-0.007487419061362743	0.03531796112656593	0.023846406489610672	0.011506893672049046
-0.01705690659582615	-0.0262305848300457	0.04353680834174156	0.0016290179919451475	-0.033163245767354965	-0.008789279498159885	-0.002589225070551038	0.018435925245285034	0.004106495063751936	0.013270558789372444	-0.027098966762423515	0.005869997665286064	-0.0023059058003127575	-0.017895245924592018	0.03361352160573006	-0.013427908532321453	0.0121420007199049	0.0005206752102822065	0.050946518778800964	0.02283632755279541	-0.006015081889927387	0.0038745009806007147	0.00047850864939391613	-0.05220623314380646	0.002719127107411623	0.010218298062682152	0.02679505944252014	-0.030026962980628014
-0.04712744429707527	-0.00557097140699625	-0.030346296727657318	0.0265501756221056	-0.013050558045506477	0.0003258736978750676	0.026468748226761818	-0.04288629814982414	-0.02052875980734825	0.03304005414247513	0.026184799149632454	-0.005734714679419994	-0.027476059272885323	0.025134781375527382	0.008540456183254719	-0.04833197966217995	-0.014944315887987614	-0.004275907296687365	-0.01421139482408762	0.009361885488033295	0.03508827090263367	0.0029453851748257875	-0.016359327360987663	0.016285380348563194	-0.0028356313705444336	0.03941300883889198	0.015229756943881512	0.018523169681429863
0.006732888054102659	0.0012582967756316066	-0.003140288172289729	-0.044903211295604706	-0.005882995668798685	0.013269184157252312	-0.026835009455680847	0.0037731556221842766	0.01827203668653965	0.009593171067535877	0.00312791601754725	-0.025229081511497498	0.0001682343427091837	-0.025813229382038116	0.005593330133706331	0.013889709487557411	0.008099216036498547	0.0017931610345840454	0.0023144360166043043	0.020199371501803398	0.016005508601665497	0.010703113861382008	0.007460694294422865	-0.035901185125112534	0.02760155312716961	-0.022946130484342575	0.025389714166522026	0.019347378984093666
0.017693404108285904	0.003311401465907693	-0.012124333530664444	-0.018789729103446007	-0.014475117437541485	0.001545824226923287	0.0005411037127487361	0.03088930808007717	0.0038586105220019817	-0.0006707943975925446	-0.0024540754966437817	-0.034679215401411057	-0.003582810051739216	-0.012677700258791447	-0.0092270877212286	-0.021640514954924583	-0.02697046659886837	0.015811344608664513	0.019955243915319443	0.005103439092636108	0.00859058741480112	0.013140873983502388	0.018333587795495987	0.02324911765754223	0.01981784962117672	0.030926121398806572	-0.0040537710301578045	-0.005415698979049921
-0.005524247884750366	0.0029794620350003242	-0.023746056482195854	-0.020167479291558266	0.012826605699956417	0.018450254574418068	0.0041584535501897335	0.001487296773120761	-0.0020385636016726494	0.010631158947944641	0.009151793085038662	0.003639140399172902	0.015150369144976139	-0.012763534672558308	0.0038126965519040823	-0.02366616763174534	0.04229598864912987	-0.020438263192772865	-0.005338471848517656	0.018747519701719284	0.016577642410993576	0.019256433472037315	-0.0026436287444084883	0.009037498384714127	0.008859837427735329	0.008047372102737427	-0.0020498880185186863	-0.023944543674588203
0.006209733430296183	-0.010771102271974087	0.010834567248821259	-0.030964409932494164	0.017934732139110565	0.003721762215718627	0.03468210622668266	-0.005177082493901253	-0.004199066665023565	-0.00010651093907654285	-0.02005927264690399	0.018423866480588913	0.008733807131648064	0.00790851004421711	0.015289240516722202	0.00996575877070427	0.01568719744682312	0.004504639655351639	-0.046933308243751526	-0.008049153722822666	-0.02754961885511875	0.03650699183344841	-0.04523133113980293	-0.026675185188651085	0.003156543942168355	0.009876948781311512	-0.0143868587911129	-0.009235335513949394
-0.0009083058685064316	0.021111803129315376	0.009996633045375347	0.006649328861385584	-0.009041190147399902	0.01831492781639099	-0.01546736340969801	-0.0003490693343337625	-0.03475255146622658	0.01216131541877985	-0.019850105047225952	0.005525899585336447	0.003863307647407055	0.013414106331765652	-0.003993768244981766	0.01015885453671217	-0.02346481755375862	0.0030827531591057777	-0.005409599281847477	-0.022402893751859665	0.01424197293817997	0.05004488304257393	-0.026773711666464806	-0.02546723745763302	0.023066110908985138	-0.028236741200089455	0.009284238331019878	0.042634256184101105
-0.0054277414456009865	0.030872086063027382	-0.006389469839632511	-0.004592556040734053	-0.025617258623242378	0.010957956314086914	-0.008872161619365215	-0.0009477722342126071	-0.011574101634323597	0.008901936002075672	-0.002003889065235853	-0.016012676060199738	0.001558523392304778	0.001655425294302404	0.0035357384476810694	0.03493686020374298	-0.03358433395624161	0.00016695482190698385	0.015898341313004494	0.0003536418080329895	0.017502110451459885	-0.047876037657260895	0.016873890534043312	0.0061134714633226395	-0.031646694988012314	0.0282026007771492	0.039453327655792236	0.004320831038057804
-0.027459383010864258	0.016420377418398857	0.012386300601065159	-0.019610794261097908	0.02140245959162712	-0.03600776940584183	0.020570341497659683	-0.027621425688266754	0.007959425449371338	0.043906472623348236	-0.01412624679505825	-0.01704857125878334	0.01477868016809225	0.010592648759484291	0.003236392280086875	0.02246900275349617	0.0027339570224285126	-0.007904009893536568	-0.028233863413333893	-0.0010071707656607032	0.010813518427312374	-0.034772828221321106	-0.0161165539175272	-0.00039068065234459937	-0.005203894805163145	-0.001399314496666193	-0.029469013214111328	0.020219726487994194
-0.029805392026901245	0.004017181228846312	-0.009304639883339405	-0.006119933445006609	0.01329040341079235	-0.0005258996970951557	0.004190489649772644	0.01915699988603592	0.0032886741682887077	0.0037836942356079817	0.04509975388646126	0.03882703557610512	-0.003992920275777578	-0.02224818430840969	-0.0035930254962295294	-0.021170342341065407	0.029277291148900986	-0.025661371648311615	0.03282887488603592	-0.0006687083514407277	0.012970615178346634	-0.013287217356264591	0.019178632646799088	0.00915077980607748	-0.030151499435305595	0.020690878853201866	0.013641081750392914	-0.0018785189604386687
-0.009966663084924221	-0.015827534720301628	-0.005876579787582159	0.017355099320411682	0.015036665834486485	-0.023778200149536133	0.03100292943418026	-0.010051591321825981	-0.003990561701357365	0.00473168445751071	-0.014508426189422607	0.02541004866361618	-0.00540482671931386	0.029313890263438225	-0.009356086142361164	-0.021054405719041824	-0.014482435770332813	0.0006912481621839106	0.017331672832369804	-0.0018596187001094222	-0.007520442828536034	-0.01716667413711548	-0.03225209563970566	0.027193864807486534	-0.03154054284095764	-0.03855162113904953	0.04140060022473335	-0.0051450226455926895
-0.0018284771358594298	0.0026610109489411116	0.029006188735365868	0.03196128085255623	-0.013808957301080227	-0.0009829907212406397	-0.0018667342374101281	0.02968190424144268	-0.03299690783023834	-0.009055390022695065	0.014679573476314545	-0.0013970399741083384	0.007152343634516001	0.03559213876724243	0.01795101724565029	-0.002379109151661396	-0.04509001225233078	-0.015806039795279503	0.005979236681014299	-0.014743193052709103	-0.04191494360566139	0.0013681609416380525	-0.005583048798143864	0.005652623251080513	0.036307644098997116	-0.01893019676208496	-0.019721580669283867	-0.0027658636681735516
-0.004493969026952982	-0.005800772923976183	-0.004495073109865189	-0.013514387421309948	0.02169671654701233	0.011680911295115948	0.010589644312858582	-0.027475403621792793	0.016265057027339935	0.02679053507745266	0.005362518131732941	-0.02409532107412815	0.0022005033679306507	0.0070015001110732555	0.024409566074609756	-0.02432895638048649	-0.01769530214369297	0.005703798495233059	-0.0056561497040092945	-0.00839008204638958	0.01182004064321518	0.0022235887590795755	0.0165422260761261	0.006222099531441927	-0.00535489059984684	0.012786026112735271	0.016138236969709396	-0.0299754086881876
-0.005268195178359747	0.03255484625697136	0.003308292245492339	0.013330137357115746	0.0062649366445839405	0.002546986099332571	0.021636422723531723	0.03661557659506798	0.008536754176020622	0.026459846645593643	0.014059629291296005	0.027836604043841362	0.010643026791512966	0.0021271586883813143	-0.0007883922662585974	0.022409537807106972	0.030662963166832924	-0.007780623156577349	0.016438771039247513	0.021975042298436165	0.0056633478961884975	-0.01377688255161047	-0.006813403218984604	0.001029699924401939	0.02168678306043148	-0.00027636828599497676	0.022848641499876976	-0.009939399547874928
0.011861668899655342	-0.015486584976315498	0.01041659340262413	0.041448626667261124	0.002402546117082238	-0.001977539388462901	0.001257754280231893	0.010659313760697842	0.025562988594174385	-0.011848400346934795	0.014473681338131428	0.04784224554896355	0.020838651806116104	-0.006166751962155104	-0.0027635768055915833	-0.021676015108823776	-0.0007204933790490031	0.007574649062007666	0.008705995045602322	-0.024004792794585228	0.011732860468327999	0.02181164361536503	0.007951253093779087	-0.036237891763448715	-0.001453330391086638	-0.04388798028230667	-0.011071354150772095	0.03603751212358475
-0.00035157109959982336	0.005453870631754398	-0.0005680383183062077	-0.01535796094685793	0.02135746367275715	-0.005611366126686335	-0.01642077974975109	-0.012088119983673096	-0.010163744911551476	0.015858840197324753	0.03688938170671463	0.002829092089086771	0.031131748110055923	-0.011490200646221638	0.00906151533126831	-0.025738375261425972	-0.019521092996001244	0.005231070332229137	0.030793840065598488	-0.013940109871327877	0.0004022249486297369	0.02011391520500183	-0.03375313803553581	0.012561914511024952	-0.021399695426225662	0.00562130194157362	-0.02682384103536606	-0.0159035362303257
0.005302710924297571	-0.002698185620829463	0.03528957813978195	-0.007337562274187803	0.04072918742895126	-0.010288849472999573	-0.0007716164691373706	-0.016961676999926567	0.011769203469157219	-0.02846890315413475	-0.011497966945171356	0.027826733887195587	-0.028161341324448586	-0.00483710877597332	-0.009035005234181881	0.024462413042783737	-0.0029099106322973967	0.013666649349033833	0.01629580371081829	-0.024062504991889	0.0017938773380592465	-0.004686090163886547	-0.014454207383096218	0.0022596640046685934	-0.014892241917550564	-0.007976800203323364	0.01191061083227396	0.0012029351200908422
0.022704098373651505	0.002663566032424569	0.007195319980382919	0.018627958372235298	-0.014511480927467346	0.0068887704983353615	-0.004891457501798868	0.021978123113512993	0.03203948587179184	-0.027912745252251625	-0.03959647938609123	0.001106295152567327	0.0073351687751710415	0.002876529935747385	0.01477209385484457	0.02405247651040554	-0.0024822407867759466	0.023401005193591118	0.01672748476266861	0.00750472629442811	-0.04044683277606964	0.035910654813051224	-0.002558533800765872	0.011839364655315876	-0.021019136533141136	-0.016525596380233765	0.0256621353328228	0.014975564554333687
0.019658584147691727	-0.01377139613032341	0.008402242325246334	0.006605770904570818	0.026186682283878326	-0.006613180041313171	0.014037344604730606	-0.004395421128720045	0.0017407994018867612	0.003684193594381213	-0.004412356298416853	0.0185479037463665	-0.022006161510944366	-0.012464207597076893	0.03738050535321236	0.017427001148462296	0.020329484716057777	0.027983857318758965	0.013091889210045338	0.02091183140873909	-0.030691782012581825	-0.007976187393069267	-0.0038865082897245884	0.001215616473928094	-0.010419979691505432	-0.023147573694586754	0.004614359233528376	-0.0033685234375298023
-0.01345103234052658	-0.015608648769557476	-0.03603655844926834	-0.01882987841963768	0.011834222823381424	-0.001665347721427679	0.017580192536115646	0.012924876064062119	-0.005017229355871677	-0.015081154182553291	-0.04052992910146713	0.02244485169649124	-0.016066154465079308	-0.016453281044960022	-0.010006356053054333	-0.00815009418874979	0.05917790159583092	-0.035467203706502914	0.01008587796241045	0.021825041621923447	0.007746017538011074	0.021350983530282974	-0.010987075045704842	-0.02593335509300232	-0.01937202364206314	0.018104838207364082	-0.02114265225827694	0.02048281393945217
0.005994443316012621	0.00972897931933403	-0.002045373199507594	-0.005043675657361746	0.00905071571469307	-0.016882434487342834	0.003883631667122245	0.02816840261220932	0.004608576651662588	-0.019217556342482567	-0.009659307077527046	-0.0033913946244865656	0.0431840643286705	0.004155451897531748	-0.007434068713337183	0.003002442419528961	-0.016232501715421677	0.005486395675688982	-0.022976567968726158	-0.00553996954113245	0.00199775374494493	-0.00927030574530363	-0.019115891307592392	0.01906713843345642	-0.026609662920236588	-0.02628462202847004	-0.011896229349076748	0.011965346522629261
-0.001127381226979196	-0.014735206961631775	-0.04129985347390175	-0.0053021544590592384	0.04086362197995186	-0.0018933741375803947	-0.025335194543004036	0.0034453917760401964	0.0024761727545410395	0.008682815358042717	-0.00618624547496438	-0.003627229481935501	-0.03457256779074669	-0.004338509868830442	-0.014929897151887417	0.01872318424284458	-0.005880213342607021	-0.005708799231797457	-0.020732935518026352	-0.022329552099108696	0.023710548877716064	0.0040164850652217865	0.011009356938302517	-0.008226285688579082	0.023974018171429634	0.011489699594676495	0.017069492489099503	-0.013107040897011757
0.009619388729333878	-0.004047679714858532	0.005805297754704952	0.007873649708926678	-0.0014635887928307056	-0.018206074833869934	0.008233701810240746	-0.03005475178360939	0.02298186533153057	0.00417074840515852	-0.026066575199365616	0.007462922018021345	0.042212553322315216	0.02636227384209633	-0.01645668037235737	-0.008069884963333607	-0.0035241602454334497	0.018107473850250244	0.0019398423610255122	-0.009612870402634144	-0.012565243057906628	-0.004701774567365646	-0.005947935860604048	0.009237946942448616	-0.015396224334836006	-0.019397614523768425	0.022957324981689453	0.029318571090698242
-0.004153392277657986	0.00828360766172409	0.03805021196603775	0.018362578004598618	-0.015233071520924568	-0.05515114590525627	0.001168460468761623	0.007649318780750036	0.0157869141548872	0.02961960807442665	0.013089176267385483	0.0011463761329650879	-0.02494768798351288	-0.01967231184244156	-0.008753819391131401	-0.012327288277447224	0.02231503464281559	-0.006932741031050682	-0.007847470231354237	0.009815883822739124	-0.023370591923594475	0.009728997945785522	0.013688462786376476	0.015382230281829834	0.016007764264941216	-0.013461018912494183	-0.01229998841881752	0.0024309505242854357
0.0014918682863935828	-0.01599319651722908	-0.011450611986219883	-0.005433904472738504	-0.008920201100409031	-0.023161450400948524	0.002424415433779359	-0.002092405455186963	0.003831005422398448	-5.540941856452264e-05	-0.04637214168906212	0.04587868973612785	0.006519346497952938	-0.007736089639365673	0.009242819622159004	0.02069845236837864	-0.014895658940076828	-0.027344688773155212	0.01999303698539734	-0.006626376416534185	0.026839710772037506	0.05117390677332878	-0.051360923796892166	-0.016109200194478035	-0.023603705689311028	0.03173741698265076	-0.03418504819273949	0.04964643344283104
-0.016115695238113403	-0.010780492797493935	-0.01931939460337162	0.005259488243609667	0.010589760728180408	-0.0025869524106383324	0.0004245737218298018	-0.01347423903644085	0.005284640472382307	0.0047598169185221195	-0.02210533618927002	0.009946838021278381	0.020679069682955742	-0.011566023342311382	0.015696916729211807	0.005698172375559807	0.008406061679124832	-0.0018016347894445062	0.01923459768295288	0.01672586053609848	0.01618715561926365	0.003936850465834141	-0.01232411153614521	0.019029557704925537	0.026763195171952248	0.028156088665127754	-0.0008807897102087736	-0.014394666999578476
-0.0062804738990962505	0.0002421513490844518	0.038963157683610916	0.007871882990002632	-0.008746076375246048	0.022505415603518486	0.013401078060269356	0.021810194477438927	0.011966347694396973	-0.0595499724149704	0.03341491520404816	-0.01830265112221241	-0.02336239255964756	-0.015281322412192822	0.0029921417590230703	-0.0034067556262016296	0.004446414764970541	0.02178993821144104	-0.01700420118868351	0.002635988872498274	0.003343915333971381	0.012069976888597012	-0.020458955317735672	-0.011367070488631725	0.012680484913289547	0.022973429411649704	0.021622104570269585	0.013885034248232841
0.03382875770330429	-0.008609624579548836	0.032969649881124496	0.013605923391878605	0.009033084847033024	-0.00922970287501812	0.0029044027905911207	-0.011965999379754066	-0.017627419903874397	0.012451261281967163	-0.00819982960820198	0.009283729828894138	0.0026908733416348696	-0.029548976570367813	0.010248873382806778	0.03311586007475853	-0.006881376262754202	-0.0017613244708627462	0.016973130404949188	0.0035316823050379753	-0.02025754190981388	0.027376575395464897	-0.025048689916729927	-0.035050056874752045	0.00352702708914876	0.0029164371080696583	-0.026075493544340134	0.023275818675756454
0.018942994996905327	0.011419693939387798	0.018929481506347656	-0.007218897808343172	0.0287023913115263	0.01859314553439617	-0.03191688284277916	-0.008923599496483803	-0.030399948358535767	-0.0037698247469961643	-0.01569254882633686	0.022785460576415062	0.030350131914019585	-0.003117656335234642	0.0158331710845232	-0.011760103516280651	-0.01119593158364296	0.0007338505820371211	-0.03478951007127762	0.007178128231316805	0.016221387311816216	0.0061248973943293095	-0.008961670100688934	0.008199259638786316	-0.00763373589143157	-0.004058949649333954	-0.011165397241711617	0.012321891263127327
0.05955781787633896	-0.027249259874224663	-0.032369159162044525	-0.019505126401782036	-0.017326297238469124	0.031229421496391296	0.028046337887644768	-0.002079413738101721	-0.008243119344115257	0.008307530544698238	0.03652001544833183	-0.027723653241991997	0.004880684893578291	-0.0012543413322418928	-0.0017254810081794858	-0.021743562072515488	-0.027714909985661507	0.015566069632768631	0.03152335435152054	0.031477492302656174	0.012906906194984913	-0.027790218591690063	-0.004117842298001051	-0.027051836252212524	-0.03382886201143265	-0.019391197711229324	0.05303698033094406	0.028196141123771667
-0.04272198677062988	0.009499636478722095	-0.01146241556853056	0.014519802294671535	0.00811082124710083	0.01042963843792677	0.009524276480078697	-0.008278253488242626	0.018316173925995827	0.005454148631542921	-0.0010426992084831	0.03218316659331322	0.031154686585068703	0.010898740030825138	0.008708789944648743	-0.011790907941758633	0.01142526138573885	0.0028626646380871534	-0.0041633001528680325	0.009048321284353733	-0.0023582945577800274	-0.015789449214935303	-0.0021278068888932467	0.002516281558200717	0.005085347685962915	-0.017038442194461823	0.0008240507449954748	-0.007484396919608116
-0.005860703065991402	0.013650738634169102	-0.020694106817245483	0.01633148454129696	0.024846307933330536	0.008220186457037926	-0.036211345344781876	-0.012967171147465706	0.022797109559178352	0.016658227890729904	-0.01773865520954132	0.02017165906727314	0.012744218111038208	-0.003301178338006139	-0.0018071256345137954	0.000824333110358566	-0.005207658279687166	0.026529209688305855	0.02537013404071331	-0.009828366339206696	0.008916911669075489	0.017235739156603813	0.010774491354823112	0.0028345303144305944	-0.012916076928377151	0.021184653043746948	0.03526192903518677	0.021703746169805527
-0.03313417732715607	-0.010497544892132282	-0.008379563689231873	-0.03673884645104408	0.015602030791342258	0.0011428204597905278	0.004357161931693554	0.01107151247560978	0.004681522026658058	-0.022557878866791725	-0.022241460159420967	0.026387538760900497	0.004232874605804682	-0.009892763569951057	-0.030923284590244293	-0.03807970508933067	0.0021125839557498693	-0.021440884098410606	-0.004917337093502283	0.011305495165288448	-0.044047508388757706	0.0015468490310013294	0.0038046531844884157	-0.004377427976578474	-0.01683182269334793	0.00850636139512062	0.010194545611739159	0.0028036965522915125
0.0206828024238348	-0.016049159690737724	-0.030127570033073425	0.040169961750507355	0.012396158650517464	-0.012499005533754826	-0.03479674831032753	-0.032408762723207474	0.04070159047842026	0.007183288689702749	0.01983102783560753	0.0008788112318143249	0.006332077085971832	-0.0068679796531796455	0.045241620391607285	-0.002877738792449236	0.006000932306051254	0.01095200888812542	0.022021273151040077	-0.02324301190674305	0.00844512041658163	-0.01604866422712803	0.010167085565626621	0.020770344883203506	-0.0095911156386137	-0.013526465743780136	-0.028175169602036476	-0.00789099931716919
0.03114323504269123	-0.05875921994447708	0.027362462133169174	0.017163068056106567	0.014357144944369793	-0.024744324386119843	0.0029379469342529774	0.022711483761668205	0.019195901229977608	0.013693792745471	0.008784708566963673	0.015209179371595383	0.00587324146181345	-0.015523800626397133	-0.01521063968539238	-0.021027125418186188	-0.012244660407304764	0.00629254337400198	0.009249546565115452	-0.0044732666574418545	0.0031245192512869835	-0.017961258068680763	0.01615569368004799	0.02141662873327732	-0.005730716045945883	0.003188866190612316	-0.024301402270793915	-0.016084004193544388
0.018194526433944702	-0.001582964207045734	-0.0071947937831282616	-0.027577130123972893	0.0070642405189573765	-0.013452751561999321	-0.017717042937874794	-0.010499906726181507	0.030787447467446327	0.004468398168683052	0.014897515065968037	0.018801582977175713	-0.00948952604085207	-0.011637389659881592	-0.034884918481111526	0.0170163381844759	0.04340112581849098	0.008326033130288124	-0.0008943512802943587	0.006545162759721279	-0.018981529399752617	-0.015962883830070496	0.012717197649180889	-0.001993423094972968	-0.013325724750757217	0.04637158662080765	-0.0005903022829443216	0.038892846554517746
-0.03300660848617554	-0.016036206856369972	0.0039291647262871265	-0.011565749533474445	0.020207297056913376	-0.013288398273289204	-0.0067530106753110886	0.012930776923894882	-0.052862029522657394	-0.02529640682041645	-0.04407675191760063	0.009872766211628914	0.012061635963618755	-0.041702751070261	-0.003601839765906334	-0.005945044104009867	-0.007836398668587208	0.021621044725179672	0.011213029734790325	0.019967034459114075	-0.009458613581955433	0.011141355149447918	0.054202716797590256	-0.014689680188894272	-0.01623436249792576	-0.033953163772821426	-0.001826301566325128	-0.026775334030389786
-0.0026580386329442263	0.006133078597486019	0.000512557162437588	0.004297385457903147	0.004140553530305624	-0.04425843060016632	-0.0031961866188794374	-0.0008973610820248723	-0.03261704370379448	-0.007603462319821119	0.03415420278906822	-0.04656379297375679	0.0010609374148771167	0.031436752527952194	0.010133687406778336	-0.01600516587495804	0.037965938448905945	0.007168534677475691	-0.023506080731749535	0.006476677488535643	0.0103108249604702	0.004006508272141218	0.03098265267908573	-0.006137496791779995	-0.02270885743200779	0.007781801745295525	-0.015172334387898445	0.0006332245538942516
-0.008655381388962269	-0.008443329483270645	0.01567455381155014	-0.0063503277488052845	0.003681696020066738	0.046562712639570236	0.027942441403865814	-0.02263585664331913	0.021057283505797386	0.028672797605395317	-0.020361214876174927	-0.017397698014974594	0.004146473482251167	-0.0024738237261772156	0.009476985782384872	-0.0004579405067488551	-0.01258762925863266	0.017913928255438805	-0.013118957169353962	-0.001683887094259262	-0.03625855967402458	-0.0023513075429946184	0.015520277433097363	-0.005341099575161934	-0.00924651138484478	0.02258799411356449	-0.0012016479158774018	-0.0038463750388473272
0.0152894863858819	0.004472782369703054	-0.009897777810692787	-0.009185878559947014	-0.039728760719299316	0.0020696530118584633	-0.018570950254797935	-0.02420600689947605	0.04842188581824303	-0.04555546119809151	0.01352965459227562	0.003586387261748314	0.010672844015061855	0.00023966762819327414	0.004717869218438864	-0.033883236348629	-0.006480620242655277	0.010517138987779617	0.00468101492151618	0.021273979917168617	0.013848508708178997	0.00659164460375905	-0.009306459687650204	-0.0017703267512843013	0.01120380125939846	-0.007158596534281969	-0.02151690609753132	-0.009601414203643799
0.036477912217378616	-0.024307943880558014	0.0021993943955749273	0.04950113967061043	-0.02675781585276127	-0.01645640842616558	0.007125729229301214	-0.0007954336469992995	0.0351720005273819	-0.02067413367331028	-0.03654825687408447	0.00309783685952425	-0.008693958632647991	0.03173255920410156	-0.015235100872814655	0.015261530876159668	-0.002860534703359008	0.0022617278154939413	0.012427314184606075	-0.002892090007662773	-0.009104571305215359	0.0052609872072935104	-0.0006924693007022142	-0.03722243756055832	0.024526163935661316	0.01777738705277443	0.002722429810091853	0.014521042816340923
0.010527811013162136	0.01841529831290245	-0.03084726817905903	0.01746787317097187	0.00043576251482591033	0.0032307272776961327	-0.011929560452699661	0.0019063028739765286	-0.002327961614355445	-0.011089436709880829	-0.012752316892147064	0.03963927924633026	-0.02200140245258808	0.0074300155974924564	-0.02108073979616165	0.012483174912631512	0.020225290209054947	0.017883138731122017	0.010262181982398033	-0.05922793596982956	0.010030549950897694	-0.010402058251202106	0.01951015368103981	0.01858236826956272	0.004878270905464888	-0.003694277023896575	0.01736392267048359	0.005877714138478041
-0.019983485341072083	-0.022134767845273018	0.03732892498373985	0.011803085915744305	0.02550295926630497	0.005343559663742781	0.02427348494529724	0.025249578058719635	-0.03571999818086624	-0.03138541430234909	0.00014587730402126908	-0.042102694511413574	0.0032835998572409153	0.028452912345528603	0.0227511003613472	0.007677234243601561	0.02301538735628128	-0.030385946854948997	0.005071056541055441	-0.02778526395559311	0.013004041276872158	0.005043843295425177	0.0030115453992038965	0.007011384703218937	0.010935655795037746	-0.00129936751909554	0.006556999403983355	0.036154717206954956
0.013774916529655457	-0.0007548668654635549	0.02399066649377346	0.007699951995164156	0.016164636239409447	0.00569748692214489	0.00866263173520565	-0.04802030324935913	0.04067981243133545	0.02250245213508606	0.03295890614390373	-0.0160258486866951	-0.01518863532692194	-0.005133733619004488	0.02000250481069088	-0.003259961726143956	-0.018898330628871918	-0.001389297191053629	-0.003187342546880245	-0.030787326395511627	-0.02591339685022831	0.05191115289926529	-0.034022748470306396	-0.007562700193375349	0.024023519828915596	-0.0031043151393532753	-0.0025042067281901836	-0.0023515881039202213
0.02491985261440277	-0.02072758413851261	0.021596550941467285	-0.027338115498423576	-0.007435638923197985	-0.006709837354719639	-0.020780570805072784	-0.007038402836769819	0.03196001425385475	0.012562914751470089	-0.030176429077982903	-0.03506884723901749	-0.01780037395656109	-0.028835108503699303	0.020529376342892647	0.016096139326691628	0.012831812724471092	-0.031481847167015076	0.012297713197767735	-0.025485381484031677	0.026439310982823372	0.03280356153845787	0.010270859114825726	-0.004301659297198057	-0.0164256002753973	0.022443952038884163	0.013761516660451889	-0.002068351721391082
-0.023529311642050743	0.03645486384630203	0.01974589191377163	-0.009911919943988323	0.01912708207964897	0.024590451270341873	0.024399911984801292	0.03771916404366493	0.03726048767566681	-0.005495991557836533	0.0019256429513916373	-0.03330540284514427	-0.00044404424261301756	-0.012801125645637512	-0.01700436882674694	0.02922503836452961	0.036046043038368225	-0.0007024653605185449	-0.012144414708018303	-0.011166069656610489	-0.007662207819521427	-0.00590494042262435	-0.028171194717288017	-0.036252785474061966	-0.021519463509321213	0.012911591678857803	-0.000820247340016067	0.006481190212070942
0.015134315937757492	0.02300836704671383	0.00623282277956605	-0.012337494641542435	-0.029646512120962143	0.015719886869192123	0.01727047935128212	-0.004600110463798046	-0.02142288163304329	0.00197358219884336	3.0659812182420865e-05	-0.04710102453827858	-0.02604472078382969	0.0133597981184721	-0.015146481804549694	-0.004322409629821777	0.008937853388488293	-0.002201189985498786	-0.03939784690737724	-0.016156136989593506	-0.011659481562674046	-0.0063095781952142715	0.007687184028327465	0.0229949988424778	-0.020447833463549614	-0.009085975587368011	-0.016805374994874	-0.023449033498764038
0.008742033503949642	0.02368369698524475	-0.013452100567519665	-0.00965651124715805	0.017182718962430954	0.020891139283776283	0.005871120374649763	-0.02055879309773445	-0.011162172071635723	0.030085036531090736	0.04983709380030632	-0.009911714121699333	0.0073501649312675	-0.0005809482536278665	-0.005939919035881758	-0.03063695877790451	0.0034204148687422276	0.008841135539114475	0.012227696366608143	-0.006114104297012091	0.011728079058229923	-0.01136027928441763	0.00897462572902441	0.0047737304121255875	-0.02580244466662407	0.007621201686561108	0.018382146954536438	-0.0009015926043502986
-0.010145306587219238	0.038215938955545425	-0.0031042855698615313	0.013750704005360603	-0.03384885936975479	-0.010861649177968502	-0.023517532274127007	-0.007530896458774805	-0.008462104946374893	-0.008401463739573956	0.013654407113790512	0.018557364121079445	0.026634182780981064	0.02193138748407364	0.02620849572122097	0.02150481939315796	0.005187445320188999	0.003287364263087511	0.02880934625864029	-0.0024331805761903524	-0.0037321823183447123	0.01796250231564045	0.03228527680039406	0.02744494192302227	0.010181143879890442	0.0456952266395092	0.0008414702606387436	0.016777319833636284
-0.02624303288757801	-0.023977743461728096	-0.005655522923916578	0.02422250434756279	0.05326613783836365	0.014224589802324772	0.0007256572716869414	0.0015531724784523249	-0.029001688584685326	-0.038787856698036194	-0.022869305685162544	-0.010522094555199146	0.031272631138563156	-0.031090712174773216	0.014528833329677582	0.0013120154617354274	0.009715521708130836	-0.016207488253712654	-0.02979486621916294	-0.02810211293399334	0.01489628478884697	0.004616031423211098	0.005198641214519739	0.03519798070192337	0.023550311103463173	-0.007610813248902559	0.0003510262758936733	0.03904552757740021
0.0040354602970182896	0.00018940628797281533	0.018702616915106773	-0.011060249991714954	0.023761460557579994	0.013986365869641304	-0.006799518130719662	0.025389373302459717	-0.01783772185444832	-0.006353856064379215	0.027558479458093643	-0.03991900756955147	0.017679791897535324	0.016066107898950577	-0.008473997935652733	-0.02100212499499321	0.03532262146472931	0.029108339920639992	-0.019541066139936447	-0.006811144296079874	-0.05036553740501404	0.0018205201486125588	0.02661939337849617	-0.05654187500476837	-0.04325201362371445	-0.008363132365047932	0.04687323793768883	0.05928249657154083
0.014252838678658009	0.01570834033191204	-0.03998326137661934	-0.016083616763353348	0.0019323315937072039	-0.038246650248765945	0.029802681878209114	-0.010795209556818008	0.03626605495810509	0.011685281991958618	0.026591191068291664	0.014764253981411457	-0.02367321029305458	-0.004437802359461784	0.008613396435976028	0.004186494741588831	-0.0018931846134364605	0.002124851569533348	-0.002652553841471672	0.009696414694190025	0.006426799576729536	-0.0026629900094121695	-0.04312948137521744	0.017813941463828087	-0.025787353515625	-0.037468284368515015	-0.024678541347384453	-0.035413146018981934
0.009823387488722801	-0.004852744750678539	0.00016693018551450223	-0.013785137794911861	0.0010762099409475923	0.023916691541671753	0.011205198243260384	0.01862185448408127	0.00698177982121706	0.020059162750840187	0.023547464981675148	-0.0227400790899992	0.009381529875099659	-0.002512960461899638	0.01022256352007389	0.003646778641268611	0.02814975380897522	0.029119199141860008	-0.00363462558016181	0.020476246252655983	0.00018935141270048916	0.01741686649620533	0.008864447474479675	0.017129916697740555	-0.035529401153326035	-0.02915663830935955	0.019427115097641945	-0.004342168103903532
0.012552476488053799	-0.0193695817142725	-0.0472431443631649	-0.007787570357322693	-0.009373007342219353	0.024451686069369316	-0.008636108599603176	-0.0005355280009098351	0.03035016544163227	-0.009176520630717278	-0.0126907117664814	-0.0017453114269301295	-0.002883966313675046	-0.01292696688324213	0.009415892884135246	-0.030662979930639267	-0.037621431052684784	-0.03173764795064926	-0.005204050801694393	-0.03899513557553291	-0.010499696247279644	-0.024888647720217705	0.02452724799513817	-0.018987013027071953	0.019492149353027344	-0.0011974181979894638	-0.016272634267807007	0.02982049435377121
-0.04684898257255554	0.004005637485533953	-0.005754041485488415	0.002035709097981453	0.018557006493210793	-0.050433624535799026	-0.00046388967894017696	-0.026676032692193985	0.00288183125667274	-0.016903353855013847	-0.007423608098179102	-0.026046114042401314	0.034434325993061066	-0.025657381862401962	-0.010598210617899895	0.04464970901608467	-0.003501343308016658	0.004629727452993393	0.012111201882362366	0.05138435214757919	-0.023314032703638077	0.00903487578034401	0.029636962339282036	-0.00036211017868481576	-0.021404895931482315	-0.021028291434049606	0.011133420281112194	0.005324594210833311
-0.01552138663828373	0.016736771911382675	0.008036485873162746	-0.0158256646245718	-0.022728975862264633	0.015510846860706806	6.914443656569347e-05	0.035822585225105286	-0.006173677276819944	-0.028273550793528557	-0.03758500888943672	0.0012971654068678617	0.00266996375285089	0.05149303749203682	-0.020171206444501877	-0.015572779811918736	-0.02688484452664852	0.003620708594098687	0.00032673068926669657	-0.0028268503956496716	0.009421071968972683	-0.02721124142408371	-0.048461783677339554	-0.02197493240237236	0.008166059851646423	0.0012927637435495853	-0.024646911770105362	-0.01214868389070034
0.007429748773574829	0.014845064841210842	0.03444501385092735	0.012682778760790825	-0.02444973960518837	-0.02430867590010166	-0.016292013227939606	0.01022872980684042	0.037843845784664154	-0.0002982622536364943	-0.025821007788181305	0.011799355037510395	-0.019367456436157227	-0.00998891331255436	0.012152628973126411	0.03335957229137421	-0.006799811031669378	-0.011867118999361992	-0.00248801801353693	0.0019083323422819376	-0.017909236252307892	0.01451290212571621	0.012096269056200981	0.00961551908403635	0.03239118680357933	-0.016480902209877968	-0.02270820550620556	-0.025574496015906334
0.010167783126235008	0.004798061214387417	-0.009981704875826836	0.040087878704071045	-0.026735888794064522	0.004664159845560789	-0.005838848650455475	0.00044941387022845447	-0.007773265708237886	0.024667514488101006	0.029664913192391396	-0.01048587542027235	-0.036219775676727295	-0.006982192397117615	-0.009585028514266014	0.0028777315746992826	-0.015094430185854435	0.02388736419379711	-0.0006626211106777191	0.02749922126531601	0.011140495538711548	0.028514856472611427	-0.01293453760445118	0.011238114908337593	0.0019886528607457876	0.024260414764285088	-0.02085968479514122	-0.018159573897719383
-1.8691707737161778e-05	-0.010816979221999645	-0.008894788101315498	0.012981561943888664	0.005180827341973782	0.007627870421856642	-0.015473282895982265	0.01616959273815155	-0.036001093685626984	-0.007774984464049339	0.020923519507050514	0.03792497515678406	0.006483510602265596	0.01376647874712944	-0.038827333599328995	0.028660189360380173	0.03008342906832695	0.01914726011455059	-0.031761858612298965	0.017530027776956558	-0.0024467227049171925	-0.0007033853908069432	-0.020243315026164055	0.004615119192749262	0.02413507178425789	0.0033878120593726635	-0.00940792914479971	-0.03387724980711937
0.000492278893943876	0.007381232921034098	0.014194022864103317	0.00968930870294571	-0.0015381703851744533	-0.027827825397253036	-0.011380278505384922	0.009874729439616203	0.016190040856599808	-0.022000564262270927	-0.023988869041204453	0.02674902230501175	-0.023465126752853394	-0.030651360750198364	0.01012475322932005	-0.0038384501822292805	0.03274857625365257	0.011952796019613743	0.009022271260619164	0.008090133778750896	-0.0019738709088414907	0.007520310580730438	-0.019616518169641495	0.014607757329940796	-0.01357887964695692	0.020783206447958946	0.017545927315950394	0.019066860899329185
-0.02222822606563568	0.0012086917413398623	0.0270016361027956	-0.037598371505737305	-0.007443720940500498	0.004381950944662094	0.003961451817303896	-0.009134494699537754	0.023016460239887238	-0.02943539060652256	-0.013729050755500793	0.005770720075815916	-0.06068338826298714	0.011932519264519215	-0.0029673550743609667	0.004500606097280979	0.0003342738782521337	-0.008109888061881065	-0.0194790568202734	0.015790753066539764	0.02469390630722046	-0.0020077507942914963	-0.007839440368115902	-0.008352277800440788	0.011521273292601109	0.029909027740359306	-0.01953999511897564	0.007648859638720751
0.0017624220345169306	0.0034297348465770483	0.019137442111968994	-0.022124359384179115	0.016579855233430862	0.016813259571790695	-0.014029092155396938	0.0011603024322539568	-0.006491898559033871	0.013923749327659607	0.005414311308413744	-0.007844367064535618	0.013520199805498123	0.021871579810976982	0.0056783705949783325	-0.021370554342865944	-0.03945287689566612	-0.040301188826560974	-0.020154640078544617	-0.014781621284782887	-0.02330082841217518	-0.010324494913220406	-0.031473465263843536	0.010607259348034859	-0.04514265060424805	-0.005258509423583746	-0.011129206046462059	-0.011215279810130596
0.0053772334940731525	0.01698199287056923	-0.015271269716322422	-0.006572973448783159	-0.026733551174402237	0.006746914237737656	0.010585946962237358	-0.016948571428656578	0.007546728011220694	-0.032660216093063354	0.02623656764626503	-0.021764511242508888	-0.00710145290941	-0.028694771230220795	0.00480301957577467	-0.024633698165416718	0.0003815447853412479	0.0044656842947006226	-0.011208261363208294	0.009969361126422882	0.020506586879491806	-0.051144808530807495	-0.019783254712820053	-0.01124589890241623	-0.012170183472335339	0.016197569668293	-0.015205321833491325	0.013876350596547127
-0.046735066920518875	-0.02737198956310749	-0.03328859061002731	0.021664459258317947	-0.0007592816255055368	0.0055859629064798355	-0.02207822911441326	0.0007124450639821589	0.02746168151497841	-0.030276214703917503	-0.015292876400053501	0.0037017189897596836	0.008926620706915855	0.012726277112960815	-0.015172201208770275	-0.025997357442975044	-0.012146051973104477	0.013431265018880367	0.004574362654238939	0.01170418318361044	0.014019005000591278	0.010520212352275848	-0.007557333912700415	-0.028759833425283432	-0.020732276141643524	-0.01672932878136635	0.011163776740431786	-0.002470390871167183
-0.02267179824411869	0.012206388637423515	-0.021188344806432724	0.02346639521420002	0.021737610921263695	-0.003270320827141404	-0.0011980612762272358	0.026517696678638458	-0.0049384222365915775	-0.04191652312874794	-0.011448758654296398	0.024753212928771973	-0.006597094237804413	-0.040728963911533356	0.017221862450242043	0.012168833054602146	0.016243884339928627	-0.022138068452477455	0.014355930499732494	0.014227498322725296	-0.007200080435723066	-0.013497073203325272	-0.0077064852230250835	0.007304532453417778	-0.011839702725410461	0.024129461497068405	0.045302629470825195	0.03593400493264198
-0.006828191224485636	-0.0448220893740654	-0.032322630286216736	-0.004282640293240547	-0.00840473547577858	-0.01916218176484108	0.019201433286070824	0.014214175753295422	0.03590327873826027	0.016072528436779976	0.02084636315703392	-0.0018886063480749726	0.0217130109667778	0.017635617405176163	0.03497770056128502	-0.005358049180358648	0.018548425287008286	-0.00619184086099267	-0.004377815406769514	-0.004711748566478491	-0.018273109570145607	0.006941069848835468	0.015273332595825195	-0.006607255898416042	0.0027278121560811996	0.013551566749811172	0.007987498305737972	0.011867821216583252
0.029888655990362167	0.037289656698703766	0.021233966574072838	-0.0014824331738054752	-0.0007341605960391462	-0.010773924179375172	0.0008731397683732212	0.004068132024258375	0.046625930815935135	-0.022324390709400177	-0.03661066293716431	-0.017921751365065575	-0.009149381890892982	0.006779496558010578	-0.022995689883828163	-0.023730484768748283	0.005512509029358625	-0.001694324309937656	-0.002417936222627759	-0.012264981865882874	0.0003304046986158937	0.0013012562412768602	-0.00899843405932188	0.002580640371888876	0.03741772100329399	-0.012882361188530922	-0.0038541133981198072	0.0030675255693495274
-0.0047605568543076515	-0.0014182229060679674	-0.0018821688136085868	-0.021811991930007935	-0.009474371559917927	0.006009664852172136	0.015904221683740616	0.013381213881075382	-0.005389854311943054	0.014803420752286911	-0.011212660931050777	-0.010946396738290787	-0.010689144022762775	-0.0005255304276943207	0.02677564136683941	-0.00029761955374851823	-0.03923075273633003	0.032841939479112625	0.004202773328870535	-0.03334891051054001	-0.030371209606528282	0.0323944166302681	0.013260584324598312	-0.020985612645745277	0.007151393219828606	-0.02312358282506466	0.0036111457739025354	0.00459552276879549
0.05158681422472	-0.04504503682255745	0.01691075973212719	0.002234142739325762	-0.013379348441958427	0.025607792660593987	-0.002939406083896756	-0.005917117930948734	-0.004969963803887367	0.018913671374320984	0.006391904316842556	0.03564515337347984	-0.01947173848748207	0.0037395465187728405	0.02959868311882019	0.03322085365653038	0.03198271617293358	0.006919027306139469	0.0075270747765898705	0.0046447040513157845	0.0075455610640347	0.016225729137659073	-0.02189089171588421	0.029822787269949913	0.02641119435429573	0.02662612684071064	0.013827895745635033	0.012392234988510609
0.02876519411802292	0.008103541098535061	0.0061187720857560635	-0.022675566375255585	0.007142114918678999	0.04303024709224701	0.03993725776672363	0.02143043465912342	0.009607387706637383	-0.014544893987476826	0.011015110649168491	-0.03295890614390373	0.015187690034508705	-0.022408965975046158	-0.008815404959022999	0.04063008725643158	-0.007115512154996395	0.013027321547269821	-0.001819413504563272	-0.028782937675714493	0.03839888423681259	0.005596955772489309	0.031946610659360886	-0.004932097624987364	0.02955249510705471	-0.0083781061694026	0.02151184342801571	-0.04063261300325394
0.021137122064828873	0.005629093386232853	0.0035647964105010033	-0.012631113640964031	0.00363464979454875	0.014908451586961746	-0.0052713374607264996	-0.009892788715660572	0.028291774913668633	-0.024366945028305054	0.006427236832678318	0.03125959634780884	0.008002808317542076	0.039973292499780655	0.02724471502006054	0.006636383477598429	-0.04113012179732323	-0.00047227166942320764	0.016687795519828796	0.01999575085937977	-0.0022947601974010468	-0.00660314317792654	-0.0007137235370464623	0.025637688115239143	-0.02570505626499653	-0.00937570445239544	0.009060952812433243	0.0037246611900627613
0.022642740979790688	0.030800456181168556	-0.0013192155165597796	-0.014513732865452766	-0.0024901905562728643	-0.015071322210133076	-0.03133561834692955	-0.015248273499310017	-0.00820640567690134	-0.016845405101776123	0.02064276672899723	0.0240275040268898	-0.00036405251012183726	-0.0011037361109629273	0.009556246921420097	0.019404632970690727	-0.004980578552931547	0.004714968614280224	-0.022087424993515015	0.04346588999032974	0.00688203563913703	0.0009827015455812216	-0.017024992033839226	0.024323424324393272	0.013176637701690197	-0.04820561781525612	0.009011569432914257	0.014899211004376411
-0.00245168199762702	-0.03426923602819443	-0.0026675472036004066	-0.03340554237365723	-0.028287185356020927	-0.014744589105248451	-0.006771966814994812	-0.03305063024163246	0.0014621213776990771	0.05284874141216278	0.01857004500925541	0.02009839192032814	0.025306284427642822	0.003451694268733263	-0.00396686652675271	0.022567251697182655	-0.04573351889848709	-0.050846219062805176	-0.02841256558895111	0.007772153243422508	0.005751417949795723	-0.02395164594054222	0.02663493901491165	0.01487887091934681	0.006541317328810692	-0.005281454883515835	-0.014521639794111252	-0.04983630031347275
-0.03689833730459213	0.007661488372832537	-0.005564139224588871	-0.020583707839250565	0.00913727842271328	0.007055705413222313	0.02318904735147953	-0.005288808140903711	-0.0029716037679463625	0.01867363229393959	-0.03187335282564163	0.006070602219551802	-0.018237093463540077	0.00014751561684533954	0.004005032125860453	0.026398539543151855	-0.020319273695349693	0.0036381646059453487	0.011635751463472843	0.00720855500549078	-0.023302478715777397	0.023804141208529472	0.0015167717356234789	0.002835150109604001	0.0019704364240169525	0.02485394850373268	-0.0024093114770948887	0.014830442145466805
-0.016047116369009018	-0.0323755107820034	-0.033090174198150635	-0.007044631522148848	0.037573181092739105	0.013207845389842987	0.0461793951690197	-0.0202519241720438	-0.013209509663283825	-0.0012320468667894602	0.056754015386104584	-0.015402966178953648	0.02013145200908184	-0.027796296402812004	0.03605378419160843	-0.02778925560414791	-0.023126300424337387	0.003924340941011906	-0.048250120133161545	0.003072492079809308	0.0030986478086560965	-0.006522338837385178	-0.0152913061901927	0.016466300934553146	0.002964510815218091	-0.002459391485899687	0.0022046654485166073	-0.011813134886324406
0.0015403000870719552	0.0185410063713789	-0.007106233853846788	-0.004465652164071798	-0.0147531284019351	0.011032037436962128	-0.004321363754570484	0.02970621921122074	0.010284680873155594	0.012058165855705738	-0.018326083198189735	0.014874698594212532	0.020000459626317024	0.013675320893526077	0.016738273203372955	0.009451169520616531	-0.021200766786932945	-0.013247060589492321	-0.01992238126695156	-0.028164226561784744	0.011629578657448292	0.03153509646654129	-0.013850199989974499	0.010162949562072754	0.024220304563641548	0.009891672059893608	-0.016978908330202103	0.008913801982998848
-0.015428364276885986	-0.019665447995066643	0.0003354755463078618	-0.0057812961749732494	-0.003958780784159899	0.03664843365550041	-0.019922517240047455	0.016639389097690582	-0.01656177081167698	-0.002185957971960306	0.020777175202965736	-0.0017614675452932715	-0.016560493037104607	-0.010556544177234173	-0.035340599715709686	-2.030049654422328e-05	0.01983383670449257	0.02984406240284443	-0.017918987199664116	0.014719893224537373	0.012218727730214596	-0.0007083134260028601	0.014044195413589478	0.007305126171559095	0.015158119611442089	0.011466117575764656	0.014785883948206902	0.02711678482592106
-0.023617951199412346	-0.010761426761746407	0.011630736291408539	0.011106777004897594	-0.022222990170121193	0.012342416681349277	-0.003403038950636983	-0.012286507524549961	0.014036128297448158	0.020038140937685966	0.00587774021551013	-0.00862782821059227	0.004529848694801331	-0.008107748813927174	-0.016047833487391472	-0.02231699228286743	-0.013857455924153328	0.008521209470927715	0.013539167121052742	-0.013071095570921898	-0.0033874129876494408	0.010055596940219402	0.02282017655670643	0.009996975772082806	0.039373598992824554	-0.00041097510256804526	-0.044252660125494	-0.003264053724706173
0.016172228381037712	-0.009696451015770435	0.009571446105837822	0.02462737448513508	-0.022770680487155914	-0.010906876064836979	-0.03825368732213974	-0.008798505179584026	-0.03406248986721039	0.045423611998558044	0.038456179201602936	0.035984452813863754	0.003344258526340127	0.012264410965144634	-0.04729956388473511	0.009371430613100529	0.018870476633310318	-0.023137612268328667	-0.011272900737822056	-0.01747562550008297	0.023885909467935562	0.014994282275438309	0.014736542478203773	-0.01740851253271103	-0.0012279312359169126	-0.004734497517347336	-0.02189698815345764	0.005263140890747309
0.019681334495544434	0.026195364072918892	0.021632691845297813	-0.016033951193094254	3.060450035263784e-05	-0.011180163361132145	-0.011972503736615181	-0.019771264865994453	0.03542792797088623	0.0035350965335965157	0.011779389344155788	0.026113608852028847	0.02952149324119091	-0.02211320586502552	0.015920544043183327	-0.007601805031299591	0.009492107667028904	-0.022948333993554115	-0.016439054161310196	-0.013582727871835232	0.005115973763167858	-0.018394524231553078	-0.014251288957893848	0.027300115674734116	0.020522911101579666	0.02755112200975418	-0.030432259663939476	0.03308102861046791
0.004804011434316635	0.0008291015401482582	0.008698413148522377	-0.007242829538881779	-0.0070864418521523476	-0.0006567661184817553	0.02535681240260601	0.007934484630823135	-0.014696608297526836	0.0017397415358573198	-0.02433263510465622	-0.03669297695159912	-0.015503759495913982	0.01166731771081686	0.03784983605146408	-0.015061844140291214	0.015714606270194054	0.0028513630386441946	-0.03564787656068802	-0.038716740906238556	-0.0011477300431579351	-0.02062687650322914	-0.024043841287493706	0.015214108861982822	0.023005902767181396	-0.028251590207219124	-0.02851242758333683	0.061037998646497726
