-0.027338683605194092	-0.0030018265824764967	-0.12117619812488556	0.0883183553814888	-0.10236983746290207	0.20193986594676971	0.09181997925043106	0.004197136498987675	-0.02973455935716629	-0.019986864179372787	0.07279717922210693	0.2896079123020172	-0.081932932138443	0.007346218917518854	0.15172961354255676	0.6563401818275452	0.5958278179168701	0.08167087286710739	-0.09760724753141403	0.26591795682907104	0.16313210129737854	-0.17903833091259003	-0.35853657126426697	0.1287006437778473	-0.07381148636341095	0.09655126929283142	0.08839230239391327	0.12731875479221344
-0.14004935324192047	0.14742062985897064	-0.02715984173119068	-0.04065525531768799	0.14333146810531616	0.010071690194308758	0.1662975400686264	0.17958858609199524	-0.11134588718414307	0.08335139602422714	-0.143915593624115	-0.05940132215619087	0.09060788154602051	-0.1635347604751587	-0.0013015996664762497	0.5224264860153198	0.6433677077293396	-0.16018135845661163	0.015034593641757965	-0.01596338301897049	0.04678038880228996	0.13583378493785858	0.04338771477341652	-0.08601585775613785	-0.044832780957221985	0.11028503626585007	0.2206842601299286	-0.10289378464221954
0.01583164557814598	0.10836068540811539	0.022409990429878235	-0.05036810413002968	0.03167141601443291	0.022319361567497253	0.25558698177337646	0.20808395743370056	-0.20379453897476196	0.15638811886310577	-0.13758686184883118	-0.03528166934847832	0.01679692603647709	-0.28367021679878235	0.06704695522785187	0.6462906002998352	0.464821994304657	-0.26772573590278625	0.09479272365570068	0.06351053714752197	-0.037328530102968216	-0.007851227186620235	0.13655002415180206	-0.05428512021899223	0.035698771476745605	0.09679421782493591	0.02764054201543331	-0.04955567046999931
-0.07007357478141785	0.09974081814289093	-0.1750483363866806	-0.0881614163517952	0.044813718646764755	-0.07962331175804138	0.2502022981643677	0.2366054803133011	-0.07802177220582962	0.012410552240908146	-0.06709795445203781	-0.07701332867145538	0.08196199685335159	-0.29225850105285645	0.13288138806819916	0.6296286582946777	0.6333733201026917	-0.12152976542711258	0.04142992943525314	0.15411636233329773	0.0015747379511594772	0.032656945288181305	0.18594206869602203	-0.0315103754401207	0.07916973531246185	0.11420522630214691	0.03836605325341225	-0.0036937962286174297
-0.24146054685115814	0.10829754173755646	0.08150685578584671	0.1454741209745407	-0.07786598801612854	-0.019643431529402733	-0.23228347301483154	0.1732006072998047	0.16432873904705048	0.04903140291571617	0.17074614763259888	0.11776329576969147	-0.08720571547746658	0.018133999779820442	-0.04237467050552368	0.07155288755893707	0.5402767062187195	0.005315264221280813	-0.0740852802991867	0.2985304296016693	-0.14559219777584076	-0.030485324561595917	0.1725679188966751	-0.327962189912796	0.06138486787676811	0.047918982803821564	0.16375607252120972	0.19441358745098114
-0.2602148652076721	-0.027053119614720345	0.07484632730484009	0.023696117103099823	0.2721899747848511	-0.17200464010238647	0.10921168327331543	-0.016894254833459854	-0.01804818958044052	0.06690511852502823	-0.04659240320324898	0.027820616960525513	-0.022570881992578506	-0.199363112449646	0.04545395076274872	0.5410630702972412	0.4525187015533447	0.12782341241836548	0.06527235358953476	0.32936593890190125	0.04517458379268646	-0.02310776710510254	0.012297892943024635	0.008605683222413063	0.09531565755605698	0.0972333699464798	-0.10108336061239243	-0.07219329476356506
0.0020503830164670944	-0.14968736469745636	-0.11156930774450302	0.17784637212753296	0.21369150280952454	-0.15634699165821075	0.2749870717525482	0.31288257241249084	-0.15312162041664124	-0.15743625164031982	0.37404850125312805	-0.23217584192752838	0.2029048055410385	0.038956835865974426	0.24973765015602112	-0.09130238741636276	0.17258398234844208	-0.13215167820453644	-0.3126433789730072	0.028023699298501015	0.03958633914589882	0.25754019618034363	0.2544456720352173	0.2091958075761795	-0.044545650482177734	-0.02963469736278057	0.01878358982503414	-0.007479482796043158
0.07690109312534332	-0.05600644275546074	0.18644806742668152	-0.29291999340057373	0.06440107524394989	0.31544095277786255	-0.14849987626075745	-0.013314802199602127	0.7126250863075256	0.273881733417511	0.011574327014386654	-0.5676586031913757	-0.038722485303878784	0.36643752455711365	0.4487477242946625	-0.08883383125066757	0.1638246327638626	-0.0017780958442017436	0.09748316556215286	-0.06554099172353745	0.13518975675106049	0.22850018739700317	-0.36448246240615845	0.327719509601593	0.014862703159451485	0.186073899269104	-0.14096203446388245	-0.45276501774787903
-0.20128634572029114	0.11539210379123688	0.16179369390010834	0.40525102615356445	0.477771133184433	0.13288791477680206	0.26514941453933716	-0.018042588606476784	0.0542159304022789	-0.1369827836751938	0.201334610581398	-0.20293046534061432	0.3197733461856842	-0.011963022872805595	0.26479822397232056	-0.1678524911403656	0.05477292463183403	-0.10360921174287796	-0.2606258988380432	-0.24808990955352783	0.12663036584854126	-0.038061048835515976	0.0038379684556275606	0.16917994618415833	0.06046966463327408	-0.007690309546887875	-0.08297768235206604	0.049980394542217255
0.1051005870103836	0.5404513478279114	-0.017821285873651505	-0.2140851616859436	-0.08379082381725311	0.4577559530735016	0.15007732808589935	0.021474415436387062	0.16490337252616882	0.18635302782058716	0.11231522262096405	-0.3250693380832672	0.3459770977497101	0.6188643574714661	0.015426707454025745	-0.24155595898628235	0.1351042240858078	0.017031894996762276	-0.3651891052722931	0.11896916478872299	-0.003349126083776355	-0.2884881794452667	0.00913828331977129	-0.18704108893871307	0.021482329815626144	0.10113934427499771	0.10786725580692291	-0.5079807043075562
0.12689338624477386	-0.1809634268283844	0.3826830983161926	0.37629348039627075	0.2781418561935425	-0.0980144590139389	0.06533141434192657	0.36922839283943176	0.07525622099637985	-0.21518273651599884	0.4091249704360962	-0.007218750659376383	0.12252124398946762	0.09634879976511002	0.28980568051338196	0.2014904022216797	0.13771262764930725	-0.12376836687326431	-0.16728173196315765	-0.06590405106544495	-0.07395091652870178	-0.12241526693105698	-0.039727985858917236	-0.05490782484412193	-0.45374423265457153	0.038380179554224014	-0.15634125471115112	0.010417488403618336
-0.02410314604640007	-0.020963799208402634	0.332988977432251	0.17311590909957886	0.1807372272014618	0.3577556312084198	-0.2538672387599945	0.13036441802978516	0.14837342500686646	0.050188589841127396	0.20780323445796967	-0.27153462171554565	-0.06026218831539154	0.025045059621334076	0.5732266902923584	-0.17263388633728027	0.1317683458328247	0.03136128559708595	-0.09446059912443161	0.25671079754829407	-0.06982990354299545	-0.007802335545420647	-0.034422166645526886	0.0688779279589653	0.0638704001903534	0.08111700415611267	-0.29726648330688477	-0.144753098487854
0.24007892608642578	0.009650541469454765	0.3999483287334442	0.00934496521949768	0.12065401673316956	-0.1093657985329628	-0.24535992741584778	0.33335813879966736	-0.08985791355371475	-0.019452041015028954	0.662644624710083	-0.014993777498602867	0.20257341861724854	0.35805726051330566	0.025158407166600227	-0.09949437528848648	-0.003224404761567712	-0.15915663540363312	-0.10211411863565445	0.21287226676940918	0.0881693959236145	-0.08541946858167648	0.2400047332048416	0.011191497556865215	-0.31773170828819275	0.0916205570101738	0.02535313367843628	-0.17326277494430542
0.4258442521095276	-0.05423751845955849	0.12390511482954025	0.4889071583747864	0.2823712229728699	-0.08771161735057831	-0.19847220182418823	0.2995644509792328	-0.3141864240169525	0.13586793839931488	-0.39884933829307556	0.27197787165641785	-0.2765737771987915	0.20574617385864258	0.08746058493852615	0.3364350199699402	-0.2745397686958313	-0.10569112002849579	-0.09879931807518005	0.03927250951528549	-0.16214746236801147	0.20327302813529968	-0.08040221035480499	0.046465177088975906	0.0719028040766716	-0.04108833894133568	0.13944022357463837	0.06039172410964966
0.14754082262516022	0.12931138277053833	0.521673858165741	-0.11830148100852966	-0.08945886790752411	0.33798685669898987	0.027294347062706947	0.35336801409721375	-0.30039674043655396	-0.11744147539138794	0.05169685184955597	0.01118143554776907	0.050178468227386475	0.2487368881702423	0.4960840940475464	-0.02992882952094078	0.028404610231518745	0.03775051236152649	-0.10814943164587021	-0.034750938415527344	-0.16924504935741425	-0.47806623578071594	-0.08784406632184982	-0.1990041881799698	0.35146835446357727	0.08359817415475845	-0.22295618057250977	-0.022067932412028313
0.16488026082515717	0.23645982146263123	-0.11409372836351395	-0.11033356189727783	0.4901585876941681	-0.08521600067615509	-0.44782423973083496	-0.14353719353675842	-0.030845481902360916	-0.18022964894771576	-0.21938136219978333	0.05569421127438545	0.05534360185265541	0.04241021350026131	0.10616368055343628	0.13302235305309296	0.0364588126540184	-0.06299259513616562	0.13715267181396484	-0.003123821457847953	0.21244196593761444	-0.008752087131142616	-0.026272647082805634	0.02561660297214985	-0.06976805627346039	0.09370271861553192	0.1680922508239746	0.13110074400901794
0.25996413826942444	-0.1450716257095337	-0.1765335649251938	0.2598608434200287	0.346128910779953	0.0509277768433094	-0.3019627630710602	0.17448681592941284	-0.0614282451570034	-0.042239684611558914	-0.16709329187870026	-0.006992176175117493	-0.16234679520130157	0.15148985385894775	0.05404729023575783	0.2740609049797058	0.38378462195396423	0.3408813178539276	-0.026830922812223434	0.19217342138290405	-0.1620183289051056	-0.030357584357261658	0.10229038447141647	-0.24160026013851166	0.05250388756394386	0.013210264965891838	0.3215470612049103	-0.08693747967481613
0.31522271037101746	0.13729822635650635	0.19501365721225739	-0.0362871028482914	-0.07213571667671204	0.024099228903651237	0.18344861268997192	0.034556642174720764	0.13384200632572174	-0.14593814313411713	0.17264699935913086	-0.36748006939888	0.2374574989080429	0.36435744166374207	0.5185384154319763	-0.053833842277526855	-0.08448925614356995	-0.057996347546577454	-0.22239075601100922	0.19867129623889923	0.09390350431203842	0.10952754318714142	-0.0052781784906983376	0.17923204600811005	-0.6495944261550903	0.09687579423189163	0.05623029172420502	-0.24680019915103912
0.2818770110607147	0.1903352439403534	0.21071510016918182	-0.2229156345129013	0.3217751383781433	0.029203997924923897	-0.1970582753419876	0.23848403990268707	0.1438833326101303	0.1095932200551033	0.29880809783935547	-0.1390344500541687	0.21433795988559723	0.29964521527290344	-0.11613975465297699	0.22523537278175354	0.01349641289561987	0.2626841962337494	-0.07734162360429764	-0.021413102746009827	-0.11469240486621857	-0.1532057821750641	-0.1257011741399765	-0.354932576417923	-0.18481549620628357	0.13260719180107117	-0.1349981129169464	-0.14741811156272888
0.0856894850730896	-0.072618767619133	0.5210024118423462	0.040018223226070404	0.1141822412610054	0.006152399815618992	-0.2975495755672455	0.30876120924949646	0.1648043692111969	0.13725608587265015	0.25974738597869873	-0.23350423574447632	-0.11247832328081131	-0.15494796633720398	0.3615323305130005	0.17133791744709015	0.14241816103458405	-0.19137723743915558	0.13548274338245392	-0.10375652462244034	-0.08646073937416077	-0.20389683544635773	0.12435437738895416	0.14792832732200623	-0.1609838902950287	0.10934431105852127	-0.2400674968957901	-0.15132351219654083
0.48702272772789	0.3179182708263397	0.2159176468849182	-0.03198791295289993	-0.24809204041957855	0.050819773226976395	-0.35242369771003723	0.042143311351537704	0.13846305012702942	0.3077099621295929	0.3120099604129791	0.08308252692222595	0.31049615144729614	-0.12481357902288437	0.021906908601522446	0.03399940952658653	-0.2973136901855469	-0.007594852242618799	-0.15613581240177155	-0.09014809131622314	0.31764933466911316	0.09121054410934448	-0.28949299454689026	0.013911222107708454	-0.1554209291934967	-0.018055032938718796	0.15186139941215515	-0.25911080837249756
0.16227975487709045	0.1859215795993805	0.08347833156585693	0.2556152939796448	0.23303048312664032	0.37352773547172546	-0.30753397941589355	0.09317271411418915	-0.03449607640504837	0.01030784286558628	0.2753784954547882	-0.08296184241771698	-0.3449890911579132	0.2828501760959625	0.3279760181903839	-0.332693487405777	0.010878516361117363	0.09472011029720306	-0.1489626169204712	0.41792941093444824	0.14529390633106232	0.1269373595714569	-0.04496864229440689	-0.07529278099536896	0.009274856187403202	0.11541689932346344	-0.4682311713695526	-0.18866156041622162
0.11761419475078583	-0.26277056336402893	0.5384947657585144	-0.2613023519515991	0.07544761896133423	0.3246523439884186	-0.22048169374465942	0.13455675542354584	0.2509932219982147	0.13525409996509552	0.1610635221004486	-0.19802065193653107	0.08607636392116547	0.21248412132263184	0.586966335773468	0.15213389694690704	0.14046327769756317	0.0005955866072326899	0.01120787113904953	0.04548628628253937	-0.015625787898898125	-0.31250596046447754	0.10121704638004303	0.15616916120052338	-0.32830610871315	0.16452261805534363	-0.21718615293502808	-0.3538452684879303
0.17485778033733368	0.013138572685420513	0.1607426255941391	-0.0914648026227951	0.008564518764615059	0.04339374601840973	0.17629306018352509	0.01792413927614689	0.2048179805278778	0.10122553259134293	0.3400840759277344	-0.21069660782814026	-0.17673444747924805	0.5032362937927246	-0.17205296456813812	0.4521770179271698	-0.04140542075037956	0.10934567451477051	0.12660422921180725	-0.410020649433136	0.20186176896095276	0.11700189858675003	-0.10329702496528625	-0.14218765497207642	0.06479527801275253	0.04864969849586487	-0.2828187048435211	0.139417365193367
0.050260890275239944	-0.298230916261673	0.1092316135764122	-0.061056751757860184	0.0907721146941185	0.5892214775085449	-0.24007059633731842	0.2003866583108902	0.32237768173217773	0.23095852136611938	0.2105226218700409	-0.19422918558120728	0.20048317313194275	-0.08124420791864395	0.34162086248397827	-0.002907383721321821	0.10115262120962143	-0.042947810143232346	0.15745776891708374	0.28094175457954407	-0.1756686568260193	0.020838038995862007	0.023183606564998627	-0.22191771864891052	-0.37958642840385437	0.02205006591975689	0.3718785345554352	-0.13906444609165192
0.043890733271837234	0.43700018525123596	0.07874677330255508	0.06985247135162354	-0.17377637326717377	0.07638749480247498	-0.019009828567504883	-0.2267216593027115	0.06682263314723969	0.052542850375175476	-0.04797420650720596	-0.3761043846607208	0.07024206221103668	0.3061870038509369	0.12422396242618561	0.04836702346801758	-0.11254297941923141	0.10406061261892319	-0.1280786693096161	0.32974496483802795	0.09752398729324341	-0.04402562603354454	0.2440282702445984	0.4037167727947235	0.14004988968372345	-0.024388108402490616	-0.010823984630405903	-0.5034857392311096
0.1679978370666504	-0.14587773382663727	0.00027523370226845145	-0.4552265703678131	-0.050758782774209976	0.19434775412082672	-0.002201081719249487	0.11236604303121567	0.5016409158706665	0.10140097141265869	0.06940068304538727	-0.4583517909049988	0.11467715352773666	0.4505341649055481	0.35908111929893494	0.007511627860367298	0.1654045581817627	0.23211556673049927	0.03770408406853676	-0.005204102955758572	0.15316565334796906	0.16789504885673523	-0.15941359102725983	0.09551579505205154	-0.2634219229221344	0.1346375048160553	-0.015397919341921806	-0.1028224378824234
0.32755547761917114	-0.38114047050476074	0.09167710691690445	-0.05775582790374756	-0.1273999810218811	0.040945008397102356	-0.29334309697151184	0.35368311405181885	0.19517657160758972	0.4017846882343292	-0.21398283541202545	0.5302114486694336	0.020128099247813225	0.015267718583345413	0.7439507246017456	0.006738534662872553	-0.4586324989795685	0.38508883118629456	-0.25000423192977905	-0.19590339064598083	0.28062206506729126	0.0005124880117364228	-0.15967898070812225	0.17610955238342285	0.031589213758707047	0.09815613180398941	0.2162058800458908	-0.26346373558044434
0.07218516618013382	0.29453134536743164	0.2827404737472534	-0.10588430613279343	-0.06877060979604721	0.36301156878471375	0.08961617946624756	0.4701744318008423	-0.029031291604042053	0.06373874098062515	-0.11464342474937439	-0.2045271247625351	0.13804015517234802	-0.10061030834913254	0.2713814675807953	-0.1865643560886383	0.141624316573143	-0.10503648966550827	-0.053068142384290695	-0.3545229732990265	0.07812362164258957	-0.20284266769886017	-0.15508225560188293	-0.03164895996451378	0.48059478402137756	0.10117721557617188	-0.20366063714027405	-0.002451548585668206
0.23636575043201447	0.09194207191467285	-0.06443051248788834	-0.36007121205329895	0.298758864402771	0.29087281227111816	-0.15339556336402893	-0.12559378147125244	0.3536953330039978	0.1745821237564087	0.3345668613910675	-0.4724077582359314	0.29774153232574463	0.1309615671634674	0.030764000490307808	0.015036850236356258	0.11400380730628967	0.27757489681243896	0.1873616874217987	0.15814213454723358	0.07786672562360764	-0.015079593285918236	-0.12731105089187622	-0.043717142194509506	-0.2471858710050583	0.07503300905227661	0.053434114903211594	-0.42685365676879883
0.25512388348579407	0.5231643319129944	0.09680930525064468	0.09394458681344986	-0.07358454167842865	-0.24205803871154785	0.4416325092315674	0.36358609795570374	-0.02683348022401333	-0.05386485904455185	-0.1126272901892662	0.3221202492713928	0.22568152844905853	0.3250774145126343	0.06707396358251572	-0.17930525541305542	0.02173238806426525	0.03575349971652031	0.32367971539497375	-0.21640346944332123	-0.11116907745599747	-0.3146907687187195	-0.07818043977022171	-0.1241079717874527	-0.062003251165151596	-0.060262925922870636	0.05029567331075668	-0.04506024718284607
0.2784954905509949	0.4123249650001526	0.1621178239583969	0.29353779554367065	-0.04381583631038666	0.025236869230866432	-0.5740453004837036	0.025067446753382683	-0.14770279824733734	-0.04683426022529602	-0.05302104726433754	0.04555145651102066	-0.057322487235069275	0.08856534212827682	-0.04965867102146149	-0.03335527330636978	-0.29824501276016235	-0.1805001199245453	0.03929329290986061	0.2780678868293762	0.2637956738471985	0.3553667664527893	0.0833890363574028	0.27086013555526733	-0.03108103759586811	-0.017689647153019905	0.15751460194587708	-0.11483792215585709
0.09917003661394119	0.00039361300878226757	-0.08636306971311569	-0.22900955379009247	-0.011636649258434772	0.29182717204093933	-0.39683860540390015	0.2246537059545517	0.6302320957183838	0.30484047532081604	0.37016725540161133	-0.5137979388237	-0.01483972743153572	0.2668185532093048	0.12867669761180878	-0.049560513347387314	0.15546847879886627	0.3094525635242462	0.06448982656002045	0.1295778602361679	-0.10356353968381882	0.11426201462745667	-0.12961478531360626	0.07595331221818924	-0.05154835060238838	0.07509279251098633	-0.2362959235906601	-0.14979417622089386
0.09711206704378128	-0.12780484557151794	0.31697210669517517	-0.08262927085161209	0.2637821435928345	0.12424439191818237	-0.5646345615386963	-0.0764923021197319	0.17459113895893097	0.42280617356300354	0.25104257464408875	-0.07280470430850983	0.05991741269826889	-0.09144007414579391	0.617544412612915	-0.040005553513765335	-0.14769625663757324	0.10743264108896255	0.03602739796042442	0.1002504825592041	-0.029349874705076218	0.12312804162502289	-0.10070157796144485	0.06557523459196091	-0.17456647753715515	0.118851438164711	0.1458052545785904	-0.3781949579715729
0.15247772634029388	-0.1343025267124176	-0.008856858126819134	-0.2522335946559906	0.4154750108718872	0.40158700942993164	-0.517113447189331	0.3999007046222687	0.802255392074585	0.5544124245643616	-0.026073751971125603	0.028179142624139786	0.2698846161365509	0.06504466384649277	0.15088093280792236	-0.4349604547023773	-0.2216479331254959	0.4350350499153137	-0.29797908663749695	0.11743789911270142	-0.053592417389154434	-0.06389456242322922	-0.30708834528923035	-0.17217952013015747	0.0159172210842371	0.19016589224338531	0.018998000770807266	-0.1774456650018692
0.0654183104634285	-0.1305021196603775	0.15933747589588165	0.21604984998703003	0.426582932472229	0.2988317906856537	-0.3729410171508789	0.20678451657295227	0.36976078152656555	0.421271950006485	0.3013792037963867	0.09243938326835632	0.125538170337677	0.06715399026870728	0.035725004971027374	-0.11892354488372803	-0.007809153292328119	0.46133938431739807	-0.2096763700246811	-0.16076317429542542	-0.01565353386104107	0.12404089421033859	-0.14107510447502136	-0.2133953720331192	-0.33769145607948303	0.07516779750585556	-0.26113852858543396	-0.4111384153366089
0.3688209652900696	-0.05129936337471008	0.10014259070158005	-0.03335728868842125	0.09004689007997513	0.1117449626326561	-0.5779093503952026	0.14295412600040436	0.2827431261539459	0.2815985381603241	0.20680932700634003	-0.09492465108633041	-0.09056743234395981	0.2563484311103821	0.4518957734107971	0.08935926109552383	-0.2543260157108307	0.13737179338932037	0.0846680998802185	0.409686803817749	-0.3870810270309448	0.12315934896469116	-0.05088898539543152	-0.011948120780289173	-0.6039153337478638	0.04102586209774017	-0.1123410165309906	-0.23869197070598602
0.20869241654872894	0.08237942308187485	0.23268598318099976	0.03213004395365715	-0.07814390957355499	0.334751695394516	-0.2188616245985031	0.19827811419963837	-0.11858376115560532	0.23006252944469452	0.3929195702075958	-0.222300723195076	-0.17751294374465942	0.18622060120105743	0.24484415352344513	0.2685133218765259	-0.22530214488506317	-0.08882163465023041	-0.2977859079837799	-0.10233516246080399	0.06422595679759979	0.608797550201416	-0.2410396933555603	-0.28998392820358276	0.25991952419281006	0.11820930987596512	0.05398239567875862	-0.012986868619918823
0.1251072734594345	-0.010143514722585678	0.26854780316352844	0.18636667728424072	-0.10629704594612122	-0.006088420283049345	-0.03327658772468567	0.13345594704151154	-0.0955590233206749	0.21414980292320251	0.16236647963523865	0.20610249042510986	0.015510566532611847	0.288229763507843	0.7242175340652466	-0.1266792267560959	0.0323854498565197	0.2775159478187561	0.05005554482340813	-0.4568544030189514	-0.12477956712245941	-0.1634882241487503	0.36654677987098694	-0.09924136102199554	-0.27069878578186035	-0.010364171117544174	0.08857645094394684	-0.2863377332687378
-0.3155353367328644	-0.13009113073349	0.09109314531087875	0.05842985585331917	0.29343390464782715	-0.14921559393405914	0.2640044391155243	0.00782184861600399	-0.11752915382385254	0.10438816994428635	0.028519917279481888	0.33322766423225403	-0.12874533236026764	-0.06618499010801315	0.09191479533910751	0.15676628053188324	0.06451976299285889	0.03476511687040329	0.011944259516894817	0.1885320097208023	0.2367175817489624	0.1306232064962387	-0.23598527908325195	-0.23397132754325867	-0.05887844040989876	0.09633591771125793	0.12388872355222702	-0.1196955218911171
0.12168215960264206	-0.3555639982223511	0.3173082768917084	-0.21088318526744843	-0.002932591363787651	0.2810978591442108	0.018066944554448128	0.48788920044898987	-0.00857642199844122	0.1994260996580124	-0.2790442705154419	0.06681797653436661	-0.04336487874388695	0.14869725704193115	0.8387094140052795	-0.02509552240371704	0.14346350729465485	-0.04970024153590202	0.10367858409881592	0.019116608425974846	-0.07585449516773224	-0.2943333685398102	0.0799974873661995	0.02048388123512268	-0.061165474355220795	0.15735597908496857	-0.09449706226587296	-0.19668366014957428
0.17493432760238647	-0.31796497106552124	0.22415274381637573	0.042797308415174484	0.31812116503715515	0.5891845226287842	-0.2430584579706192	0.2753187417984009	0.36627432703971863	0.396896630525589	-0.05128725618124008	-0.2257869988679886	0.028656011447310448	-0.013472220860421658	0.39711129665374756	0.00022541983344126493	-0.0027163075283169746	-0.11380306631326675	0.1436557173728943	0.30278536677360535	-0.2914502024650574	0.2552574872970581	-0.14802086353302002	-0.1344212144613266	-0.40787065029144287	0.05743756517767906	0.14015725255012512	-0.2884766161441803
0.011971371248364449	0.12815359234809875	0.20624487102031708	0.2731558680534363	0.03497878834605217	0.31879541277885437	-0.11177245527505875	0.01445602998137474	0.08900104463100433	0.1394103765487671	0.23466147482395172	0.0002429863961879164	-0.1900438666343689	0.37693047523498535	0.3619634509086609	-0.00222405674867332	0.02519487589597702	0.24899356067180634	-0.26186463236808777	-0.02132221683859825	0.0007176879444159567	-0.1432631015777588	0.2693417966365814	-0.06821790337562561	0.09672599285840988	0.04098685458302498	-0.43230539560317993	-0.10051597654819489
0.11182021349668503	0.13744889199733734	0.14987580478191376	0.106105275452137	-0.02586432360112667	0.46682244539260864	-0.3721485435962677	-0.15424147248268127	0.16821779310703278	0.4891086220741272	0.36929571628570557	-0.15481962263584137	-0.16244946420192719	-0.10206712037324905	0.6561828255653381	-0.03410797938704491	-0.3702622950077057	0.14666259288787842	0.1012439951300621	0.1892351657152176	-0.0925651490688324	0.06414704769849777	0.021061433479189873	0.09211019426584244	0.00036895772791467607	-0.007758153602480888	-0.14388161897659302	-0.3795450031757355
0.06982835382223129	-0.34502607583999634	0.2900520861148834	-0.20224638283252716	0.1474381685256958	0.18548232316970825	-0.22501429915428162	0.32695743441581726	0.5674240589141846	0.07532484829425812	0.16486985981464386	-0.32607778906822205	0.21973714232444763	-0.06292621791362762	0.3770843744277954	0.001569124055095017	0.04089779406785965	-0.12239895015954971	0.07462996244430542	0.18337605893611908	0.004389526788145304	-0.13312450051307678	-0.02490709163248539	0.02807025797665119	-0.4877130091190338	0.1414192020893097	0.15640534460544586	-0.19760364294052124
0.09468290954828262	0.051535073667764664	-0.013803152367472649	0.14112545549869537	0.38683196902275085	-0.19657443463802338	0.001105723436921835	0.22255374491214752	-0.1866976022720337	0.08188118040561676	-0.04702381417155266	-0.19606414437294006	0.0032786307856440544	0.15771961212158203	0.04256867244839668	0.09952802956104279	0.04688262194395065	0.12797199189662933	-0.0967782735824585	-0.10610020905733109	-0.18892405927181244	-0.2843794524669647	-0.4187057912349701	0.0221375934779644	0.3043423593044281	0.08883510529994965	0.39469191431999207	0.304742693901062
0.13988034427165985	-0.15541915595531464	0.3430359959602356	0.30989235639572144	0.11125793308019638	0.09716402739286423	-0.2425885945558548	0.2777019143104553	0.027632534503936768	-0.004024331923574209	0.4924256503582001	-0.0940731093287468	-0.017980603501200676	0.05500566586852074	0.3272199332714081	-0.08894436806440353	0.05216081067919731	0.0040912204422056675	0.0970362052321434	0.10952391475439072	-0.1582082062959671	0.05618767812848091	0.22078996896743774	-0.11718404293060303	-0.4483732283115387	-0.015250938013195992	0.1610138863325119	-0.10241170227527618
0.12746746838092804	0.08250707387924194	0.3415014445781708	0.05478324741125107	-0.04251667857170105	0.41705209016799927	-0.5500756502151489	-0.07549981027841568	0.03699307516217232	0.1912008672952652	0.4492296278476715	-0.2052755504846573	-0.06337065994739532	0.05831878259778023	0.26027002930641174	0.07903679460287094	-0.2567151188850403	-0.026991359889507294	-0.0362224280834198	0.36269545555114746	-0.15714649856090546	0.30629897117614746	-0.11752697825431824	-0.08657719939947128	0.11243607848882675	-0.03665141761302948	0.05724533274769783	-0.25118759274482727
0.5817354917526245	0.14176639914512634	0.020567459985613823	-0.09911579638719559	-0.3549496531486511	0.04495016112923622	-0.3379145860671997	0.33373817801475525	-0.06833157688379288	0.2776917815208435	0.5788726210594177	-0.09205115586519241	-0.13181692361831665	-0.03512100130319595	0.20241744816303253	0.1573343575000763	-0.26785486936569214	0.11274120956659317	-0.08168730139732361	-0.13371773064136505	0.22345484793186188	0.41701313853263855	-0.1362101137638092	-0.065557099878788	-0.041731689125299454	0.09556309878826141	-0.0019950515124946833	-0.027824578806757927
0.14867690205574036	-0.29432371258735657	0.22939129173755646	0.019260544329881668	0.15160810947418213	0.4407801032066345	-0.438070148229599	0.18132038414478302	0.3557226061820984	0.41751307249069214	0.28682273626327515	-0.15106885135173798	-0.08210737258195877	-0.08001052588224411	0.46734362840652466	0.006193565204739571	0.09420710802078247	0.0056600128300487995	0.17133334279060364	0.12434457987546921	-0.280110627412796	0.03191521391272545	0.22360923886299133	-0.1650230437517166	-0.37834590673446655	0.051952753216028214	0.2881981432437897	-0.24862967431545258
0.09933661669492722	0.2517412602901459	0.15376225113868713	0.3925206959247589	0.04207811877131462	0.32514339685440063	-0.2665075659751892	0.40711483359336853	-0.03544732555747032	-0.15609680116176605	0.0789385586977005	0.14648060500621796	-0.15508320927619934	-0.04185057431459427	-0.05096713453531265	-0.06020091474056244	-0.09042389690876007	-0.348312646150589	0.22045810520648956	0.021654145792126656	0.3367704749107361	0.3558060824871063	-0.2661718428134918	0.11237265914678574	0.037347957491874695	0.001925528747960925	-0.1322643905878067	0.05588344484567642
0.37270206212997437	0.07006169855594635	0.09891591966152191	0.15896348655223846	-0.12161020189523697	0.21583089232444763	0.13263563811779022	0.04284283146262169	-0.061303723603487015	0.16902373731136322	-0.0967865139245987	-0.09256506711244583	0.03988347947597504	0.1041320189833641	0.791037380695343	0.05812473222613335	-0.29176828265190125	0.22135543823242188	0.1895829439163208	0.1951783001422882	-0.3949868083000183	-0.17437468469142914	0.1581547111272812	-0.2252531796693802	0.01306999009102583	-0.0789809376001358	0.1450541466474533	-0.1279330551624298
0.07176237553358078	0.08090751618146896	0.13827559351921082	0.050308436155319214	-0.056546881794929504	0.2400566041469574	0.12188378721475601	0.14021971821784973	-0.08171917498111725	0.0007722174050286412	0.03431861475110054	0.015550121665000916	0.14796413481235504	0.5243085622787476	0.6252001523971558	-0.16215528547763824	0.015656841918826103	0.2990224063396454	-0.09777501970529556	-0.03196815401315689	-0.059695351868867874	-0.19986890256404877	0.3599209785461426	-0.17780210077762604	-0.05277976766228676	0.04913286119699478	0.060171447694301605	-0.2777354121208191
0.33084118366241455	-0.1498001366853714	-0.07470729947090149	-0.010196475312113762	0.30672577023506165	0.5570946931838989	0.17612774670124054	-0.033394839614629745	0.37190577387809753	0.15003210306167603	0.3387014865875244	-0.35672706365585327	0.28344568610191345	-0.12539732456207275	0.016238566488027573	-0.3597165048122406	-0.12594598531723022	-0.0017397435149177909	0.05201752856373787	0.5336494445800781	0.33584386110305786	-0.012816088274121284	-0.18790574371814728	-0.01773819699883461	0.05961119383573532	0.05640656128525734	-0.44094163179397583	-0.10272905975580215
0.3178521990776062	-0.03246460109949112	-0.1870529055595398	0.2496691197156906	0.3352178633213043	0.2661599814891815	0.20672228932380676	0.13301143050193787	0.2750086784362793	0.1009116917848587	0.3863736689090729	-0.43953824043273926	-0.22794882953166962	0.12490079551935196	0.023109866306185722	-0.051774926483631134	0.11690737307071686	0.062004297971725464	0.09940918534994125	0.10860675573348999	-0.03758706524968147	0.2977072596549988	-0.3050667345523834	-0.17403307557106018	-0.27556338906288147	0.045911338180303574	-0.3878766894340515	0.006409181747585535
0.07249084115028381	-0.20035099983215332	-0.04658876731991768	0.2516591548919678	0.3130647540092468	0.4883507788181305	0.09137139469385147	0.0012495896080508828	0.048199936747550964	0.2885185778141022	0.1256939321756363	0.18926289677619934	-0.269735187292099	0.5314589142799377	0.19232338666915894	-0.02599489316344261	-0.28748345375061035	0.493877649307251	0.10160864889621735	-0.05664585530757904	0.11309360712766647	0.07020458579063416	0.17491182684898376	-0.32972252368927	-0.0049975900910794735	0.04328300058841705	-0.15705563127994537	-0.17778380215168
0.5048783421516418	-0.18035154044628143	0.3004778325557709	-0.27814632654190063	-0.1541728526353836	-0.04576602205634117	-0.034471090883016586	0.13597644865512848	0.043694816529750824	-0.02847406640648842	0.41024118661880493	-0.19619721174240112	-0.06502591073513031	0.4387311041355133	0.12886442244052887	0.16514405608177185	-0.024762284010648727	0.00037262309342622757	0.32797855138778687	0.23985156416893005	-0.01622374914586544	-0.2116442173719406	0.01933135651051998	0.1228470578789711	-0.37271648645401	0.0499773770570755	-0.17252416908740997	-0.14479875564575195
0.026233986020088196	-0.04470724239945412	0.12614649534225464	-0.02391701750457287	0.059854958206415176	0.4019462466239929	0.05438980832695961	-0.045052092522382736	0.1837964653968811	0.16386955976486206	0.41905641555786133	0.03903717175126076	0.03789331018924713	0.3709874749183655	0.24297194182872772	0.4104433059692383	-0.09414004534482956	0.34337878227233887	0.25798553228378296	-0.6525566577911377	-0.017287548631429672	-0.13899214565753937	0.12308581918478012	-0.2614668905735016	-0.18067100644111633	-0.02926485240459442	0.09616214036941528	-0.24944938719272614
0.09797830879688263	-0.12609300017356873	-0.07917606085538864	-0.07747606933116913	0.11467407643795013	-0.11384362727403641	0.19879765808582306	0.32753247022628784	-0.16036103665828705	0.12084189802408218	0.24597248435020447	-0.1827176809310913	-0.10499176383018494	0.4984661638736725	-0.08422879874706268	-0.059956613928079605	0.08600499480962753	-0.29217788577079773	-0.004067291505634785	0.025768231600522995	0.03739938512444496	-0.24255430698394775	-0.08008584380149841	0.2524932026863098	0.10590242594480515	0.08754774928092957	0.23000051081180573	0.21868161857128143
0.08035566657781601	-0.014458974823355675	0.13972274959087372	-0.008020307868719101	0.0854501873254776	0.415554940700531	0.059356939047575	-0.07953628897666931	0.2888231575489044	0.09949945658445358	0.4709276854991913	-0.0529201403260231	0.11344420909881592	0.23054613173007965	0.14349666237831116	0.47585275769233704	-0.05435916781425476	0.29543396830558777	0.3809206187725067	-0.6237117052078247	-0.0863078236579895	-0.2312404066324234	0.13755246996879578	-0.2669386565685272	-0.1941695213317871	-0.04535433650016785	0.08492998033761978	-0.24411873519420624
-0.06863361597061157	0.059472471475601196	-0.22002525627613068	-0.2250484973192215	-0.09604133665561676	0.10748061537742615	-0.12446453422307968	0.1898001879453659	0.44896039366722107	0.29355588555336	0.0791412815451622	-0.037400029599666595	0.05472144857048988	0.3450363576412201	0.6104705333709717	-0.15485627949237823	-0.02221997268497944	0.016464700922369957	-0.02792343683540821	0.13926680386066437	-0.15084095299243927	-0.08498906344175339	0.021934054791927338	0.25825491547584534	-0.4076930582523346	0.1011241003870964	0.02699478343129158	-0.18875829875469208
-0.022606130689382553	-0.027992555871605873	0.1460634022951126	-0.0671464204788208	0.09796590358018875	0.4882591962814331	0.003752256976440549	0.18233166635036469	0.21475280821323395	0.18616734445095062	-0.11064364016056061	-0.19294416904449463	-0.012154822237789631	0.4237792491912842	0.7438408732414246	0.17176643013954163	0.10968035459518433	-0.1252092570066452	0.04215524345636368	0.09120906889438629	-0.3071001172065735	-0.1793578863143921	0.15686975419521332	0.05921335518360138	-0.17173084616661072	0.10870447009801865	-0.2577689588069916	-0.2424168586730957
0.14465053379535675	0.05868440121412277	0.1071617379784584	0.2257339507341385	0.08134254068136215	0.58444744348526	-0.14754392206668854	0.035306937992572784	0.006188543513417244	0.034866057336330414	0.23869533836841583	-0.11706621199846268	-0.13273070752620697	0.16819237172603607	0.7788482308387756	-0.12273743748664856	0.07305263727903366	-0.09560175985097885	-0.09584742039442062	0.31288567185401917	-0.1231210008263588	-0.14128857851028442	0.1704046130180359	-0.2669542729854584	0.007669473998248577	0.09037618339061737	-0.23511391878128052	0.0856938585639
-0.037889763712882996	-0.4605853259563446	-0.006881779059767723	-0.2472495585680008	-0.058369945734739304	0.09037995338439941	-0.23891742527484894	0.07292643189430237	0.043629083782434464	0.5323467254638672	-0.08424308896064758	-0.039298295974731445	-0.06691227108240128	0.13148406147956848	1.0113426446914673	-0.10402704030275345	0.22948883473873138	0.1586112529039383	-0.24391132593154907	0.10549137741327286	0.11629301309585571	0.4986804723739624	0.13518960773944855	0.2537328600883484	-0.13467904925346375	0.18366312980651855	0.12661565840244293	-0.17031027376651764
0.21534669399261475	-0.1528852880001068	0.13526110351085663	0.08395992964506149	-0.09215002506971359	0.0020792116411030293	-0.269265353679657	0.20936235785484314	0.6018784642219543	-0.20829744637012482	0.2137281745672226	-0.5979210734367371	0.4044632911682129	-0.018111562356352806	0.12078958004713058	-0.024684688076376915	-0.12921108305454254	0.40157386660575867	0.13286162912845612	0.4833879768848419	-0.15407104790210724	0.5973741412162781	-0.18671512603759766	-0.12129198014736176	-0.2334163933992386	-0.034799642860889435	0.08276288211345673	0.037364937365055084
0.266183078289032	-0.18876102566719055	0.3313552141189575	-0.1603504866361618	-0.14024361968040466	0.007826438173651695	-0.45926058292388916	0.4000643789768219	0.10924852639436722	0.2984410226345062	0.03719513863325119	0.0798313170671463	-0.053722307085990906	0.10353552550077438	0.669227659702301	0.053228169679641724	-0.0509609580039978	-0.05929521098732948	-0.04009789228439331	0.026759784668684006	0.01533672958612442	0.07101792097091675	0.018139420077204704	0.10523199290037155	-0.21093620359897614	0.1602090746164322	-0.014942033216357231	-0.04216000437736511
0.18868036568164825	-0.13117283582687378	0.30715280771255493	0.30868417024612427	0.264021635055542	-0.1292518973350525	0.23295040428638458	0.16612741351127625	0.011087140068411827	-0.26103806495666504	0.24825239181518555	-0.2653638422489166	0.050016023218631744	0.35905373096466064	0.22593237459659576	0.09732972830533981	0.2192411869764328	-0.09943356364965439	0.018142668530344963	-0.1482914686203003	-0.13839344680309296	0.019900547340512276	0.08280114084482193	0.024570660665631294	-0.3903714418411255	-0.02195241115987301	-0.010845383629202843	-0.06070667505264282
0.704703152179718	0.18693187832832336	-0.002380969235673547	-0.09148437529802322	-0.15522263944149017	0.13638760149478912	0.10160626471042633	0.2602955996990204	-0.22743481397628784	0.028226029127836227	-0.13008517026901245	-0.44875213503837585	0.11338252574205399	0.046835534274578094	0.3659884035587311	0.28806155920028687	-0.15184064209461212	0.35788390040397644	0.05802690237760544	0.09852520376443863	-0.4777979254722595	-0.0067499373108148575	0.1742222011089325	-0.26280564069747925	0.13763900101184845	-0.004429240245372057	0.12220573425292969	-0.15870003402233124
0.1365027278661728	-0.191428542137146	0.20986513793468475	-0.1101013720035553	0.17906072735786438	0.09154536575078964	-0.33259904384613037	0.43264496326446533	0.12044891715049744	0.12156529724597931	0.0715760737657547	-0.2142435908317566	-0.10833711177110672	0.2830084264278412	0.5194289088249207	0.0010571434395387769	0.21624119579792023	-0.05142375826835632	0.061637748032808304	-0.11589619517326355	-0.0940086841583252	0.08599957078695297	0.0469517856836319	0.1262093037366867	-0.3966173231601715	0.12624317407608032	-0.05488996580243111	-0.3544641435146332
0.6655205488204956	0.14508211612701416	0.29752832651138306	0.02164972387254238	0.10989300161600113	0.03894464671611786	-0.3296537697315216	0.48626944422721863	-0.08750296384096146	0.1679793894290924	0.2217017114162445	-0.07470285892486572	-0.2194206863641739	0.019073564559221268	-0.05814862251281738	0.22603335976600647	-0.005936994217336178	0.20971713960170746	-0.1480013132095337	-0.006000939290970564	0.01830930821597576	-0.08113882690668106	-0.30775368213653564	-0.24868810176849365	0.12616753578186035	0.12740691006183624	-0.25314250588417053	-0.022766711190342903
0.11661890894174576	0.02899383381009102	0.39631912112236023	0.0028397918213158846	0.25702375173568726	0.5080947279930115	-0.3627459704875946	-0.12719185650348663	0.4285566210746765	0.15163490176200867	0.5131478309631348	-0.30872613191604614	0.34896010160446167	-0.1582639515399933	-0.21167388558387756	-0.3138369023799896	0.0025040744803845882	0.14167280495166779	0.10183490812778473	0.2488068789243698	0.24003982543945312	0.07227334380149841	-0.17755800485610962	-0.17208151519298553	-0.14946962893009186	-0.07037703692913055	0.05218461900949478	-0.37122437357902527
-0.03649694472551346	-0.4159777760505676	0.27297890186309814	0.2835410237312317	0.355177640914917	-0.047136951237916946	-0.07867590337991714	0.42166948318481445	0.2986457347869873	0.07905174791812897	-0.11880897730588913	0.15578575432300568	0.22413408756256104	0.2732791602611542	-0.031556300818920135	0.1042814627289772	-0.019993267953395844	-0.27128276228904724	-0.2577088475227356	-0.05696571618318558	-0.0599142387509346	-0.017769860103726387	0.20449063181877136	0.06659810245037079	-0.2669917047023773	0.014380661770701408	-0.1196502223610878	0.10425085574388504
0.4415748715400696	0.014400462619960308	-0.2555742859840393	0.06726063787937164	0.09831617772579193	-0.03517594560980797	-0.18970806896686554	0.23484893143177032	0.01727532222867012	0.3043159544467926	0.12776759266853333	-0.01715572364628315	-0.1657189130783081	0.3995233178138733	0.1280830055475235	0.059670254588127136	-0.09366899728775024	0.35622453689575195	-0.09127365052700043	-0.002989712171256542	-0.05075232312083244	0.25742265582084656	0.0008488735766150057	-0.2617104649543762	-0.44964560866355896	0.07317470014095306	0.1745334416627884	-0.2839891314506531
0.24420413374900818	-0.06444614380598068	0.08341525495052338	0.07119220495223999	-0.02366894669830799	0.5112823843955994	-0.07232147455215454	0.03533979132771492	0.018120374530553818	0.21314005553722382	0.16496874392032623	-0.11561403423547745	-0.14048026502132416	0.04559125006198883	0.9935154914855957	-0.1545095443725586	0.10443472117185593	0.12849228084087372	0.05753037706017494	0.2600981295108795	-0.18962667882442474	-0.2771753966808319	-0.0011791575234383345	-0.09731994569301605	-0.04669317975640297	0.07567939162254333	-0.1323079913854599	-0.06773608922958374
-0.1529008448123932	0.056962527334690094	-0.2195712774991989	0.18821866810321808	0.3164239823818207	-0.38946691155433655	0.23052895069122314	0.26329976320266724	-0.04829960688948631	0.13409177958965302	0.4306145906448364	0.059718240052461624	-0.08624338358640671	-0.05352167785167694	0.10354078561067581	-0.12819834053516388	-0.08884113281965256	0.04535224661231041	0.24083499610424042	0.07023545354604721	-0.1328863650560379	-0.21930904686450958	-0.1786978393793106	0.22249552607536316	0.03434057533740997	0.04489937424659729	0.21532398462295532	0.3015328645706177
-0.013706566765904427	-0.03417406603693962	0.053361676633358	0.22013993561267853	0.020241834223270416	0.1980007290840149	-0.22888454794883728	0.05788100138306618	0.12810540199279785	0.1946023404598236	0.1717579960823059	-0.08797331899404526	-0.19511622190475464	0.5051118731498718	0.5122265815734863	-0.00911092571914196	0.18196459114551544	0.3006823658943176	0.2230905145406723	-0.029301268979907036	-0.31654325127601624	-0.17845690250396729	0.5532828569412231	0.052321042865514755	-0.21653778851032257	-0.003004593774676323	-0.0649833083152771	-0.5079591870307922
0.016867512837052345	-0.43995580077171326	0.2064390629529953	-0.009695369750261307	0.33887434005737305	0.21586187183856964	0.08465564996004105	0.03002108447253704	0.03624441474676132	0.08109187334775925	0.4248761236667633	-0.23921096324920654	0.06546603888273239	0.6372490525245667	-0.016691051423549652	0.1720803827047348	-0.13864819705486298	-0.14100810885429382	0.019131965935230255	-0.14329685270786285	0.017218543216586113	-0.10260660201311111	0.21782512962818146	-0.046443093568086624	0.02107321098446846	0.03286539763212204	0.18186765909194946	0.14736050367355347
0.358879029750824	0.17305921018123627	0.29274460673332214	0.044273119419813156	-0.3454976975917816	0.24943755567073822	0.023030761629343033	0.4316444993019104	-0.08803708851337433	0.002060712780803442	0.10090930759906769	0.07400930672883987	0.2768661379814148	0.05417517200112343	0.8085685968399048	-0.5195337533950806	-0.10027455538511276	-0.14022639393806458	-0.11062870919704437	0.33388227224349976	-0.10116290301084518	-0.1815837025642395	0.05796520784497261	-0.11841326206922531	-0.04054868221282959	0.04757367819547653	-0.1712888777256012	-0.10345297306776047
-0.05573677644133568	-0.04605778306722641	0.27327966690063477	-0.11512946337461472	0.10461870580911636	0.17146508395671844	-0.20308737456798553	0.07599180191755295	-0.027056680992245674	0.09119119495153427	0.27829381823539734	-0.248988077044487	-0.17107392847537994	0.3234557807445526	0.6670395731925964	-0.01742725260555744	0.04249507933855057	0.03519921377301216	0.09982360154390335	0.13851675391197205	-0.008698083460330963	0.10868353396654129	0.13813216984272003	0.30751603841781616	0.13202522695064545	0.12055782228708267	-0.31180208921432495	-0.18581192195415497
0.0458371564745903	0.17024485766887665	0.22540105879306793	-0.06729301065206528	0.07970256358385086	-0.048407137393951416	-0.23732028901576996	0.19681419432163239	-0.004609429743140936	0.12376754730939865	0.12910988926887512	0.14666759967803955	0.015266584232449532	0.2964495122432709	0.5164796710014343	-0.20835039019584656	-0.00016020277689676732	0.09213149547576904	-0.2868814468383789	-0.04873029515147209	0.15905575454235077	-0.04676717892289162	0.014454816468060017	0.09907839447259903	-0.21807634830474854	0.15786610543727875	-0.23430928587913513	-0.30758148431777954
0.33207082748413086	-0.09295323491096497	0.13661496341228485	-0.0027379083912819624	0.18046464025974274	0.2766399085521698	-0.439571350812912	-0.3299778401851654	0.06424486637115479	0.11134200543165207	0.235747292637825	-0.20826071500778198	0.06709378212690353	-0.05292743816971779	0.5866628289222717	-0.13762937486171722	-0.15269030630588531	0.1671133041381836	0.18383651971817017	0.4305765628814697	0.12051822990179062	0.028145119547843933	-0.047831010073423386	-0.07454569637775421	-0.084261953830719	0.005573352798819542	0.182221457362175	-0.17473313212394714
0.052789248526096344	-0.11425196379423141	-0.06497395038604736	-0.34372323751449585	0.05143905058503151	0.13146527111530304	-0.2081458419561386	0.23072285950183868	0.4712921977043152	0.37263795733451843	0.16277393698692322	-0.05137072876095772	0.2661213278770447	0.3473667800426483	0.40638625621795654	-0.15233048796653748	-0.06677283346652985	0.15538910031318665	0.015484930947422981	0.058839358389377594	-0.12748108804225922	-0.0007475825259461999	-0.10041493922472	-0.11064676940441132	-0.45365262031555176	0.18537050485610962	0.368642657995224	-0.006399078760296106
-0.08908262848854065	0.5009593963623047	-0.04773300141096115	-0.020602190867066383	-0.046419575810432434	-0.03942498192191124	-0.13106970489025116	0.10067202150821686	0.20857173204421997	0.27558842301368713	0.2473420351743698	-0.18626365065574646	0.25097209215164185	-0.3805178105831146	0.2324974685907364	-0.1756168156862259	-0.24304449558258057	0.20648999512195587	-0.17357760667800903	-0.11817920207977295	0.20707571506500244	-0.2743714451789856	0.14425469934940338	0.3702072501182556	0.22030964493751526	0.05590289831161499	-0.02932063862681389	-0.2591405510902405
0.08153598010540009	0.04823250696063042	-0.16870111227035522	0.1971069723367691	0.2662779986858368	0.12507525086402893	-0.3882593512535095	0.25366637110710144	-0.04228219762444496	-0.1445568948984146	-0.1061030775308609	-0.05715977028012276	0.02380405180156231	-0.015465007163584232	-0.36146149039268494	0.14541108906269073	0.12008390575647354	0.4096978008747101	-0.17091616988182068	0.2911601960659027	0.34804487228393555	0.01462552510201931	0.11377250403165817	0.12326211482286453	0.3241894245147705	0.05583281069993973	0.11583509296178818	-0.06008247658610344
0.0676715299487114	0.10458897054195404	-0.3107927739620209	0.02375497668981552	0.19984161853790283	-0.05286097154021263	0.01569191738963127	0.3840818405151367	0.17962957918643951	0.192308709025383	-0.3040832281112671	0.16361276805400848	0.05262216925621033	0.4642201066017151	0.1240086480975151	-0.2080470621585846	0.11035378277301788	0.40947797894477844	-0.18672502040863037	-0.2841995358467102	0.09258796274662018	-0.09375569969415665	0.1447802484035492	0.052071984857320786	-0.1337994635105133	0.11117369681596756	-0.3426207900047302	-0.31935107707977295
-0.14612482488155365	-0.340724915266037	0.15176063776016235	-0.015031949616968632	0.34673240780830383	0.16474983096122742	0.019148733466863632	0.16067196428775787	0.5189135074615479	0.011134890839457512	0.20094797015190125	-0.15536542236804962	0.3652355968952179	0.001196193159557879	0.6187151074409485	-0.11468672007322311	0.015556367114186287	0.1479787677526474	0.09354391694068909	-0.022789521142840385	-0.26324400305747986	0.22827976942062378	-0.12487399578094482	-0.09628304094076157	-0.42802900075912476	-0.001435960060916841	0.0753130093216896	-0.08946477621793747
0.1426021009683609	0.03313317149877548	0.30971837043762207	-0.22208258509635925	-0.29167574644088745	0.19561941921710968	0.09117115288972855	0.4582269787788391	-0.0028759718406945467	-0.10112965106964111	0.06497327238321304	0.0646144449710846	0.47277992963790894	0.15295884013175964	0.5345954895019531	-0.29396337270736694	0.09537723660469055	-0.06904356181621552	-0.05136476084589958	0.019321180880069733	0.0023614009842276573	-0.17012213170528412	0.14974555373191833	-0.1685941517353058	0.013053561560809612	0.06835965067148209	-0.025068657472729683	-0.06876377016305923
0.21304082870483398	-0.12479007244110107	0.13617776334285736	-0.47025105357170105	-0.10734353959560394	0.2623494863510132	-0.1269662082195282	0.16211393475532532	0.5395404696464539	0.2404901683330536	0.07736173272132874	-0.27949759364128113	0.02203812263906002	0.5305446982383728	0.22482220828533173	-0.00545851094648242	0.09390411525964737	0.001551208202727139	-0.26710838079452515	0.30805450677871704	0.2750832140445709	0.08365262299776077	-0.28234726190567017	-0.14213372766971588	-0.07798396050930023	0.22639133036136627	0.14879900217056274	-0.1420578807592392
0.42985236644744873	0.17498229444026947	-0.043216265738010406	0.1383180469274521	0.22147178649902344	0.5476744174957275	-0.44464752078056335	0.17812490463256836	-0.08689823746681213	-0.041209179908037186	-0.0018402686109766364	0.08540862053632736	-0.24842064082622528	0.3079663813114166	0.2616499364376068	-0.346515953540802	0.10023666173219681	0.1150258332490921	-0.007078464608639479	0.3086552321910858	0.03159563988447189	-0.1462199091911316	0.14160959422588348	-0.3867136836051941	0.12026535719633102	0.09381143003702164	-0.2130257934331894	-0.08569501340389252
0.22580745816230774	0.11457587778568268	0.0526856891810894	-0.048754796385765076	0.1900569051504135	0.2645591199398041	-0.29235753417015076	0.09439007192850113	0.167491152882576	0.3430892527103424	0.3248310983181	-0.0068870666436851025	0.021937651559710503	0.07246525585651398	0.2408781200647354	-0.25904661417007446	-0.12945261597633362	0.1094161868095398	-0.1764441281557083	0.24791237711906433	0.1929815709590912	0.008487705141305923	-0.1785152405500412	0.06794112920761108	-0.25129157304763794	0.104006327688694	-0.25519856810569763	-0.6065953373908997
0.15773765742778778	-0.013312005437910557	0.2931978106498718	0.013905199244618416	0.016249634325504303	-0.23001691699028015	-0.21279586851596832	0.27739405632019043	-0.03174373134970665	0.09683603048324585	0.21414154767990112	-0.11368263512849808	-0.08206763863563538	-0.1399560421705246	0.33874112367630005	0.1188458800315857	0.07503758370876312	-0.15834739804267883	0.311990886926651	-0.031345613300800323	-0.07906387001276016	-0.1145692840218544	0.19940699636936188	0.24422793090343475	-0.14127841591835022	0.04749170318245888	-0.04126746952533722	-0.15115627646446228
0.1738656908273697	-0.010321825742721558	0.5922369956970215	0.3298053443431854	0.03791108727455139	0.20173199474811554	-0.36134573817253113	1.0227729082107544	-0.0721212700009346	0.009626563638448715	0.04234102740883827	0.3126411736011505	0.11468228697776794	-0.06330206245183945	0.046823978424072266	0.23033975064754486	0.16939677298069	-0.16724486649036407	0.3871164619922638	-0.0686236172914505	-0.5031068921089172	0.14795319736003876	0.10314638167619705	-0.21948161721229553	-0.36813119053840637	-0.10287828743457794	0.2513923943042755	-0.7951337099075317
0.2135903686285019	0.10743549466133118	0.04132632911205292	-0.01256376039236784	0.13763388991355896	0.2757267653942108	-0.3257350027561188	0.19084708392620087	-0.2536989748477936	-0.10058002918958664	0.06172996014356613	0.16100604832172394	-0.15182247757911682	0.35855692625045776	0.2867431640625	-0.012679054401814938	-0.04409286752343178	-0.2551301121711731	0.11411449313163757	0.18412141501903534	0.04619836062192917	0.0374334342777729	0.1860395073890686	-0.2228359580039978	-0.17542366683483124	0.09218747913837433	0.16671176254749298	-0.01236845925450325
-0.06745004653930664	-0.05977370962500572	0.10894734412431717	-0.2231602519750595	0.12100229412317276	0.018036752939224243	-0.11208640784025192	0.2508525252342224	0.42684343457221985	0.08360593765974045	0.1987796127796173	-0.21843089163303375	0.30414921045303345	-0.014179002493619919	0.5910911560058594	-0.24727098643779755	0.010278361849486828	0.11990977823734283	-0.026560870930552483	0.17036539316177368	-0.00736151123419404	-0.0865783840417862	0.07930276542901993	0.11911236494779587	-0.27815088629722595	0.12564599514007568	-0.08979852497577667	-0.20549245178699493
0.02384333498775959	0.06240609660744667	0.06344521045684814	0.10638482123613358	0.07551293075084686	0.6855926513671875	-0.5150113701820374	0.06706664711236954	0.25770267844200134	0.1627204567193985	0.053002044558525085	-0.07523012906312943	-0.07844116538763046	0.3330819308757782	0.3218764662742615	-0.2553962767124176	-0.022911513224244118	0.11536962538957596	-0.25109830498695374	0.35275596380233765	0.06292406469583511	-0.05887221917510033	0.08394668996334076	-0.011601906269788742	0.11169654875993729	0.0819200873374939	-0.2516981065273285	-0.3528642952442169
0.02702457271516323	0.17804095149040222	0.05085355043411255	0.18362006545066833	0.31690579652786255	0.25296708941459656	0.3774585723876953	0.2207595705986023	0.22648702561855316	0.2134648710489273	-0.1142808124423027	-0.05990059673786163	0.46855446696281433	-0.017985695973038673	0.12689492106437683	0.16008701920509338	-0.10773633420467377	-0.4493672251701355	-0.19209663569927216	0.055707626044750214	-0.30435407161712646	-0.09454985707998276	0.03720090165734291	-0.29836252331733704	0.08011494576931	0.0009331454057246447	-0.3619236648082733	0.2549196779727936
0.003936117980629206	-0.1140214055776596	0.2918851971626282	0.3231883645057678	0.38286513090133667	0.28800660371780396	0.04711436480283737	-0.12562251091003418	0.35806378722190857	0.07298076897859573	0.25854119658470154	-0.5034490823745728	-0.050659991800785065	-0.04504731297492981	0.5292061567306519	0.07966282218694687	0.07476750761270523	0.1100408136844635	0.0456499420106411	0.05430598184466362	-0.291953980922699	-0.05803504213690758	0.09066128730773926	-0.1537875533103943	-0.006618573796004057	0.016045283526182175	-0.32671889662742615	0.041464775800704956
0.14750143885612488	0.012058361433446407	-0.025441592559218407	0.14333286881446838	0.3152778446674347	0.4428386986255646	-0.04745624586939812	0.1430349200963974	0.15206339955329895	0.23215579986572266	-0.009682001546025276	0.0120041249319911	-0.05397111922502518	0.506618857383728	0.23922356963157654	-0.06934471428394318	0.16990932822227478	0.26215413212776184	-0.10814270377159119	0.10970500111579895	-0.14676526188850403	-0.26072707772254944	0.06425825506448746	-0.394979327917099	-0.1187756359577179	0.08601955324411392	-0.3332517445087433	-0.3203013837337494
0.18523672223091125	-0.18374228477478027	0.005625049117952585	-0.11886709928512573	-0.2547818422317505	0.6165217757225037	-0.19063164293766022	0.43577706813812256	0.2226940095424652	-0.01855371706187725	0.14323168992996216	-0.17183396220207214	0.25111716985702515	-0.00952132884413004	0.09176125377416611	-0.20391958951950073	-0.18670831620693207	0.27534690499305725	-0.026527386158704758	0.42599403858184814	0.022538529708981514	0.013626188039779663	0.002939400263130665	-0.20018573105335236	0.22735443711280823	-0.018817326053977013	-0.017415707930922508	-0.11592575162649155
0.15655408799648285	-0.07356823235750198	0.37659478187561035	0.17891351878643036	0.17240333557128906	0.034571774303913116	-0.1344137340784073	0.2931823134422302	0.019802534952759743	-0.07229175418615341	0.18557728826999664	-0.12201644480228424	0.06836631149053574	0.24612948298454285	0.4413812458515167	-0.05202002823352814	0.09169716387987137	-0.15140441060066223	-0.05992676317691803	0.13316592574119568	-0.013881880789995193	0.22228121757507324	0.034507814794778824	0.11251842230558395	-0.4778948128223419	0.04318831488490105	-0.04195109382271767	-0.28636229038238525
0.0076814983040094376	-0.07973150908946991	-0.04900123551487923	-0.03683389350771904	0.2862899601459503	0.010602923110127449	0.15400123596191406	0.25718945264816284	-0.05626755952835083	0.1321510672569275	0.3413151800632477	-0.13548544049263	0.044822417199611664	0.3597685694694519	-0.17456494271755219	0.07132373005151749	-0.11061196774244308	-0.2168400138616562	-0.1396036446094513	0.1396206021308899	0.0003279504016973078	-0.45766112208366394	0.017774946987628937	0.1767805963754654	0.3171052932739258	0.0892258808016777	-0.016727367416024208	0.28926125168800354
0.3930046856403351	0.28519487380981445	0.25737670063972473	0.43834275007247925	-0.18620696663856506	0.542633056640625	-0.257528156042099	0.15654663741588593	-0.01055656373500824	0.13083294034004211	0.5628564953804016	-0.17552153766155243	-0.056050192564725876	-0.06592226028442383	0.20002435147762299	-0.2631113529205322	0.06374098360538483	-0.10449865460395813	0.04149431362748146	0.4665003716945648	-0.15702196955680847	-0.07045160979032516	-0.010454176925122738	-0.20056618750095367	0.0918414443731308	-0.04999933019280434	-0.2831076383590698	-0.08861271291971207
0.2567381262779236	0.1550845354795456	-0.10261012613773346	0.0464332289993763	-0.2604838013648987	0.07946451753377914	-0.31430670619010925	0.3041825294494629	0.00690908869728446	0.21613022685050964	0.2952323853969574	0.015538460575044155	0.07381900399923325	0.07760921865701675	0.40997108817100525	-0.023440103977918625	-0.05008551850914955	0.03525214642286301	-0.4372790455818176	-0.1338081657886505	0.18314482271671295	0.3490363657474518	-0.08618395775556564	0.17824424803256989	-0.27506494522094727	0.06579108536243439	0.02864781767129898	-0.18081164360046387
0.14156202971935272	0.15559089183807373	0.1521696150302887	0.19597461819648743	-0.10428678244352341	-0.16343005001544952	-0.12500348687171936	0.30895355343818665	-0.22903427481651306	0.08378733694553375	0.14187881350517273	0.17132878303527832	-0.2260957658290863	0.5710675716400146	0.3181781768798828	-0.041090965270996094	0.08787856251001358	0.16786417365074158	-0.13146646320819855	-0.14265093207359314	-0.027659200131893158	0.13150498270988464	0.27966129779815674	0.02610381320118904	-0.22037449479103088	0.05014977231621742	-0.21397601068019867	-0.23844151198863983
0.1780475527048111	-0.12661457061767578	-0.2331515997648239	-0.08069277554750443	0.05000489577651024	0.302623987197876	0.06979887187480927	-0.13930772244930267	0.5412986874580383	0.27867957949638367	0.16458602249622345	-0.33546873927116394	-0.06226460263133049	0.6569882035255432	0.038105372339487076	0.07312504202127457	-0.0523202009499073	0.3202543258666992	0.00965472124516964	0.13013023138046265	0.17395521700382233	0.38647371530532837	-0.15494771301746368	0.08339148014783859	-0.2679862082004547	0.08456697314977646	-0.10092706233263016	-0.22717097401618958
0.27591249346733093	-0.12235831469297409	0.3836379051208496	0.08787233382463455	0.18115150928497314	-0.015304617583751678	-0.19781704246997833	0.2569379508495331	0.004259685520082712	-0.05556057393550873	0.34659963846206665	-0.16981488466262817	0.05809445306658745	0.18472225964069366	0.3053557574748993	0.068463534116745	0.08440937101840973	-0.006079215556383133	0.18557603657245636	0.09776207059621811	-0.2021116465330124	0.028246445581316948	0.08936040848493576	-0.07323689758777618	-0.4716293215751648	0.04519103467464447	-0.04697127267718315	-0.22168941795825958
0.07339470833539963	-0.3979315161705017	0.1870587170124054	0.04455173388123512	0.18339864909648895	0.04915551096200943	0.024759724736213684	0.16220593452453613	0.28873980045318604	-0.17496395111083984	0.23291271924972534	-0.17222735285758972	0.20814242959022522	-0.060310762375593185	0.5152140259742737	0.04932401329278946	-0.14753484725952148	0.3909047544002533	0.14897336065769196	0.23041307926177979	-0.2512386441230774	0.11943341046571732	-0.1192268505692482	-0.23555299639701843	-0.1835566610097885	-0.025857942178845406	-0.09737430512905121	0.1104344055056572
0.23781417310237885	0.03986445441842079	-0.2705371677875519	0.07902741432189941	0.10521098226308823	0.45294642448425293	0.09826961159706116	-0.05903950706124306	0.4433591663837433	0.3625827133655548	0.31583040952682495	0.20890261232852936	0.2405470460653305	-0.3423713743686676	0.5736495852470398	-0.4975847601890564	-0.4005376994609833	0.15492233633995056	-0.3704594671726227	0.029746010899543762	0.5176211595535278	0.16561873257160187	-0.35667625069618225	0.42753657698631287	-0.4096128046512604	0.021411104127764702	-0.11051417142152786	-0.21983161568641663
0.07261968404054642	-0.32943814992904663	0.17086240649223328	-0.10863413661718369	0.1307670921087265	0.029624611139297485	-0.4544883668422699	0.40095534920692444	0.39204806089401245	0.24237345159053802	0.14704979956150055	-0.024305136874318123	0.044271908700466156	0.038010355085134506	0.3878597915172577	-0.16290204226970673	0.014904034323990345	-0.021197939291596413	0.20315974950790405	0.1844826489686966	-0.09934816509485245	0.17551100254058838	0.01072891429066658	0.18565906584262848	-0.46911370754241943	0.073642298579216	0.011756240390241146	-0.21200492978096008
0.24509526789188385	0.18503260612487793	-0.0025476193986833096	-0.023897457867860794	0.11357752978801727	0.007489020004868507	-0.3960324227809906	0.23564165830612183	-0.09417309612035751	-0.28607162833213806	-0.13390399515628815	0.2549537122249603	-0.27911505103111267	0.05631609633564949	0.22374053299427032	0.22905521094799042	-0.16674791276454926	-0.17462418973445892	0.08339016139507294	-0.07587768137454987	0.20904938876628876	0.1401754915714264	-0.19253094494342804	-0.1282358467578888	0.06753882020711899	0.08361871540546417	-0.2799305021762848	0.38348710536956787
-0.044674407690763474	-0.08958893269300461	0.2563627362251282	0.2268529236316681	0.28922826051712036	-0.06170324981212616	0.1780247986316681	0.2105463296175003	-0.1545158475637436	0.036221202462911606	0.1360582560300827	0.25928330421447754	0.08195676654577255	0.03568165376782417	0.13610270619392395	4.419072502059862e-05	0.14327141642570496	-0.1479240506887436	-0.36827680468559265	0.010598700493574142	0.16926975548267365	-0.1484963744878769	-0.04129009321331978	-0.19881990551948547	-0.2687046229839325	0.07455778121948242	0.08946497738361359	-0.14251354336738586
0.038945507258176804	0.09250661730766296	0.1356343775987625	0.08527681231498718	0.23510439693927765	0.29680609703063965	-0.19776608049869537	0.06128697842359543	-0.18388061225414276	-0.17286373674869537	-0.1357039511203766	0.1680961400270462	-0.2261585146188736	0.0916859433054924	0.49268683791160583	-0.04292071610689163	-0.0563814751803875	0.06524904072284698	0.04708028584718704	0.1393093317747116	0.19869451224803925	-0.08764652162790298	-0.004156623501330614	-0.010467877611517906	0.37842610478401184	0.09604183584451675	-0.38888147473335266	0.10974374413490295
-0.08959703892469406	-0.10823933035135269	0.2500477135181427	-0.25028663873672485	0.2016303837299347	0.3664500415325165	-0.3073376715183258	0.1493520885705948	0.5559433102607727	0.2722385823726654	0.23297074437141418	-0.23572637140750885	0.29764991998672485	-0.2067510336637497	0.4452371299266815	0.07759362459182739	-0.21255707740783691	0.228836789727211	0.06599545478820801	0.015795841813087463	-0.028383463621139526	-0.04194185137748718	-0.15776868164539337	0.08376435935497284	0.13506868481636047	0.09959039092063904	-0.17027142643928528	-0.21874620020389557
0.5635151267051697	-0.10517454147338867	-0.07665246725082397	-0.2074330598115921	-0.03826215863227844	-0.17729224264621735	0.2619640529155731	0.48319920897483826	0.24365396797657013	-0.2552010715007782	-0.11108776926994324	0.01725802570581436	0.25625067949295044	0.017070451751351357	0.10409773141145706	0.12800109386444092	0.0729445144534111	0.27933424711227417	0.2995229959487915	0.1369348168373108	0.10815100371837616	-0.05580507591366768	-0.2596759498119354	-0.1277901828289032	0.0793454498052597	0.03870397061109543	-0.32677769660949707	0.1306476891040802
0.07933235168457031	0.17858640849590302	-0.13840515911579132	-0.02685640938580036	0.004725064616650343	-0.2709803283214569	-0.08945678919553757	0.3388194143772125	-0.045941147953271866	0.243789404630661	0.04144570976495743	0.021252090111374855	0.008056052960455418	-0.032472144812345505	0.5456473231315613	0.14289721846580505	-0.0424487441778183	0.18340490758419037	-0.1965576857328415	-0.5038933157920837	-0.046103447675704956	0.24695265293121338	0.07744237035512924	0.07438147068023682	-0.11676023155450821	0.10120183229446411	-0.06750943511724472	0.027471886947751045
0.33341389894485474	0.3697722852230072	-0.19570596516132355	0.14565235376358032	0.015355098061263561	0.402809739112854	-0.03028509020805359	0.12467899173498154	0.08254220336675644	0.33975863456726074	0.5453466773033142	-0.12573450803756714	0.0030660582706332207	-0.18676039576530457	0.1306978166103363	0.12119200825691223	0.049625806510448456	-0.03007306158542633	-0.10320641845464706	-0.19115561246871948	0.06324432045221329	0.015904458239674568	-0.212452232837677	0.0029848716221749783	-0.29926827549934387	0.015288499183952808	-0.11020422726869583	-0.23211467266082764
0.18118956685066223	0.05990283936262131	0.067473404109478	0.03344249725341797	0.023910705000162125	0.34169986844062805	0.27545857429504395	0.2501086890697479	-0.012103918008506298	-0.11208205670118332	0.05078456178307533	-0.3435104191303253	0.26946061849594116	0.3627908229827881	0.3931421935558319	0.22366075217723846	-0.059680402278900146	-0.08920326828956604	-0.07220364362001419	-0.06850924342870712	-0.3687722682952881	0.28305163979530334	0.09721088409423828	-0.4303808808326721	-0.2418483942747116	-0.06849285215139389	0.3250439763069153	-0.11251967400312424
-0.02921530418097973	-0.14878875017166138	0.14875048398971558	-0.13967923820018768	0.22591184079647064	0.40262359380722046	-0.27290424704551697	-0.06604649871587753	0.2176111787557602	0.27600014209747314	-0.3495723307132721	-0.3514402508735657	-0.06793438643217087	0.3453826606273651	0.6895442605018616	0.20989733934402466	0.252878338098526	0.12166406959295273	0.26070931553840637	-0.2704635262489319	-0.22577719390392303	-0.16119195520877838	0.2912062704563141	0.32073307037353516	-0.007733616977930069	0.11283028870820999	-0.010823876596987247	-0.47698962688446045
-0.005709854420274496	0.003130928613245487	0.10886035859584808	0.11843614280223846	0.07288490980863571	0.4996028542518616	-0.10844001919031143	0.1004905179142952	0.16493511199951172	0.29047197103500366	-0.036633219569921494	0.042047418653964996	0.03341762721538544	0.4205390512943268	0.691296398639679	-0.13073652982711792	0.07013819366693497	0.17186428606510162	-0.039788130670785904	0.07590316981077194	-0.2986154854297638	-0.18180108070373535	0.2144079953432083	-0.1250854730606079	-0.21326203644275665	0.017772536724805832	-0.0613856315612793	-0.37918850779533386
0.04119758680462837	-0.07664400339126587	0.4141697883605957	-0.08279147744178772	-0.008868593722581863	0.2780840992927551	-0.20990608632564545	-0.032224081456661224	0.2291247695684433	0.10322857648134232	-0.004774890840053558	-0.2816406786441803	-0.04238361120223999	0.39166268706321716	0.8060160875320435	0.30909401178359985	0.0030907755717635155	0.019628459587693214	-0.10882560908794403	-0.045346055179834366	-0.06878895312547684	0.019866986200213432	-0.10291090607643127	0.19586628675460815	0.011754349805414677	0.11024388670921326	-0.17895390093326569	-0.1646348237991333
0.040659934282302856	-0.39602670073509216	0.21883073449134827	0.007187382318079472	0.15607406198978424	0.4642484486103058	-0.41305485367774963	0.21509584784507751	0.2793339192867279	0.29755643010139465	0.08017769455909729	0.02910272404551506	0.040065765380859375	0.06735965609550476	0.5811196565628052	0.034122366458177567	-0.03306155279278755	0.011378388851881027	0.03346370533108711	0.20448626577854156	-0.12404342740774155	0.02558959275484085	0.049782197922468185	-0.014690587297081947	-0.3762763738632202	0.07957015186548233	0.14843448996543884	-0.09911545366048813
0.041827138513326645	0.06473720818758011	0.42977747321128845	0.3818911612033844	0.00628212234005332	0.4598201513290405	-0.13278479874134064	0.24560680985450745	0.08850491046905518	0.05603668838739395	0.2625633478164673	-0.18463143706321716	0.30360686779022217	0.18858852982521057	0.2918360233306885	-0.029038220643997192	0.22728310525417328	-0.1962338536977768	-0.15488655865192413	-0.0638626366853714	-0.3464546799659729	0.35921841859817505	0.03748471662402153	-0.2881203889846802	-0.40892279148101807	-0.06317813694477081	0.26585450768470764	-0.23627014458179474
0.25743988156318665	-0.3474571704864502	-0.04990435019135475	-0.2847900688648224	0.03250603750348091	0.23509207367897034	0.007983524352312088	0.050910405814647675	0.5892773270606995	0.07872804999351501	0.19518685340881348	-0.41014590859413147	0.11933577805757523	0.5779107213020325	0.0851220116019249	0.0364350862801075	-0.054703764617443085	0.23874512314796448	0.09105788171291351	0.11261337995529175	0.10469750314950943	0.25752124190330505	-0.10483355075120926	-0.07485216856002808	-0.370487242937088	0.09450353682041168	0.15211687982082367	-0.12675391137599945
0.12122377753257751	-0.15953390300273895	0.3577880859375	0.039284054189920425	0.15689094364643097	0.12203521281480789	-0.14170649647712708	0.16799192130565643	0.03085661493241787	-0.10105810314416885	0.3607772886753082	-0.010237008333206177	-0.051170121878385544	0.23240160942077637	0.5331125259399414	-0.023411937057971954	0.0997798889875412	0.1466119885444641	0.20813891291618347	0.08718407899141312	-0.10222391784191132	-0.15093781054019928	0.03697168454527855	0.05631338804960251	-0.3831756114959717	0.03577170521020889	-0.10491977632045746	-0.41516003012657166
-0.19000154733657837	0.062303174287080765	0.43261733651161194	0.032234348356723785	0.08134924620389938	0.31962621212005615	-0.24087214469909668	0.2183968871831894	0.14364412426948547	0.06948385387659073	0.20188355445861816	-0.22268103063106537	0.1067822277545929	0.1332692801952362	0.4377232491970062	-0.23674558103084564	0.1212829053401947	-0.15547464787960052	-0.3274887204170227	-0.009824682027101517	0.06801898032426834	-0.1545904278755188	0.1302967667579651	0.20537599921226501	0.07168611884117126	0.1478305608034134	-0.2961064875125885	-0.2946317493915558
0.1025896966457367	0.6037426590919495	-0.20073872804641724	-0.0896492600440979	0.03345019370317459	-0.1756078004837036	0.3176250755786896	0.14799238741397858	0.06317540258169174	0.06168464943766594	-0.05301112309098244	0.15049494802951813	0.2473219782114029	0.30199122428894043	0.12472247332334518	-0.3400488793849945	-0.033169783651828766	0.14236034452915192	0.0695691853761673	-0.09659119695425034	0.005616475827991962	-0.45318925380706787	0.0749911293387413	0.10145362466573715	-0.033047039061784744	0.010462443344295025	-0.16284501552581787	-0.18282809853553772
0.5745313763618469	0.0077990018762648106	0.1977660357952118	-0.09393656253814697	-0.16362853348255157	0.24468103051185608	-0.14765851199626923	0.09494639933109283	0.7189518809318542	0.2742080092430115	-0.04952899366617203	-0.41674816608428955	0.31910213828086853	0.36440256237983704	0.1224571093916893	-0.3259504735469818	-0.07578945904970169	-0.1099361926317215	-0.5294878482818604	0.4128333628177643	0.06205408647656441	0.3646601140499115	-0.4160076677799225	-0.28133225440979004	-0.46522489190101624	0.15557776391506195	0.38174256682395935	-0.03343451768159866
-0.14648181200027466	-0.01811518520116806	0.404144823551178	-0.20795370638370514	0.003056622575968504	0.3055073022842407	-0.3796103894710541	0.2522328197956085	0.29223397374153137	0.23710502684116364	0.19703805446624756	-0.2117084562778473	0.08060033619403839	0.5197006464004517	0.29907023906707764	0.2803586423397064	0.1618381142616272	-0.4674452841281891	-0.168609157204628	0.09571748226881027	-0.29352980852127075	0.08633357286453247	0.1441119760274887	0.10785815864801407	-0.29128873348236084	0.20870912075042725	-0.04312853142619133	-0.16962189972400665
