-0.164794921875	0.1395728588104248	0.15037129819393158	0.06696047633886337	0.12438806891441345	0.10651899129152298	-0.08664803951978683	-0.20976375043392181	-0.03177201747894287	0.2770358920097351	0.05289569869637489	-0.12738443911075592	0.1883656233549118	-0.15869992971420288	-0.0770992785692215	-0.09032360464334488	-0.05774671956896782	0.3030050992965698	-0.04027334228157997	-0.1282326877117157	0.08368910849094391	0.2773924469947815	-0.18397849798202515	0.04354944825172424	-0.16630207002162933	-0.07526625692844391	-0.05542847886681557	-7.779883890179917e-05
-0.09463688731193542	0.011813084594905376	-0.0028935037553310394	0.05372808501124382	0.017106255516409874	-0.05620694160461426	0.3117455840110779	0.102450430393219	-0.020058758556842804	-0.008034879341721535	0.07695987075567245	0.010332385078072548	-0.06254000961780548	0.11003277450799942	0.01695406436920166	-0.10601408779621124	-0.14400522410869598	0.37010082602500916	-0.04831306263804436	-0.054764680564403534	-0.11351946741342545	0.34825125336647034	-0.24591462314128876	0.02024104818701744	-0.003796844044700265	-0.02362173981964588	0.02514367364346981	-0.037825897336006165
-0.21215634047985077	0.11727797985076904	-0.09165161848068237	0.049434442073106766	0.014146453700959682	-0.09730307012796402	0.11042401939630508	0.08389591425657272	0.01146482490003109	0.05361754447221756	0.27654966711997986	0.00801527127623558	-0.10950799286365509	0.1907695233821869	0.004896019585430622	0.03871176019310951	-0.10293560475111008	0.35563531517982483	0.10389105975627899	-0.1242990717291832	-0.11659044027328491	0.25939711928367615	-0.26861053705215454	-0.001298231421969831	-0.06771095097064972	-0.07785069197416306	0.02813136950135231	-0.08052978664636612
-0.0954076424241066	0.10858479142189026	-0.11116985231637955	0.047601521015167236	0.16136948764324188	-0.0927930697798729	0.24525927007198334	0.05797698348760605	-0.01699703559279442	-0.0229282695800066	0.19145043194293976	0.0010398022131994367	-0.026112571358680725	0.04598977416753769	0.0016174421180039644	-0.0024363002739846706	-0.22309577465057373	0.3001347780227661	0.05415250360965729	-0.04820792004466057	-0.2054634839296341	0.3827298879623413	-0.1319127231836319	0.09128640592098236	-0.17825913429260254	-0.14151398837566376	-0.004155764821916819	0.003600288415327668
-0.053914424031972885	0.1300787627696991	0.002972169080749154	-0.0001359821471851319	-0.014198033139109612	-0.10638328641653061	0.005193996708840132	0.10017459839582443	0.08588680624961853	-0.2555505633354187	0.09766888618469238	-0.022240975871682167	0.1390381008386612	0.09654296934604645	-0.19068950414657593	-0.004461922217160463	-0.2064315676689148	-0.006221779156476259	-0.07773303240537643	0.1441550999879837	0.019591912627220154	0.17703032493591309	-0.2623658776283264	-0.08198578655719757	-0.19355927407741547	0.0032842475920915604	-0.013777880929410458	0.2117576152086258
-0.14888302981853485	0.24489018321037292	0.06359262019395828	0.04551803320646286	0.017173737287521362	0.06167423725128174	0.16825126111507416	-0.0913197249174118	-0.023488692939281464	-0.06470919400453568	0.24629507958889008	0.016498155891895294	0.06806980073451996	-0.10640353709459305	-0.05772564560174942	-0.06860905140638351	-0.3591625392436981	0.27230751514434814	0.011376778595149517	0.014573565684258938	-0.13925926387310028	0.2245439887046814	0.02783927693963051	-0.06555099040269852	0.06676828861236572	-0.029254479333758354	0.13008463382720947	-0.054004400968551636
0.21372000873088837	-0.008615730330348015	-0.020331116393208504	0.03894517943263054	0.03979353979229927	-0.09554857760667801	-0.20197553932666779	0.2515139877796173	-0.25613895058631897	-0.21805281937122345	0.1390026956796646	0.19202391803264618	-0.1652773767709732	0.044158935546875	0.014609543606638908	-0.08254744857549667	-0.20757292211055756	0.022756166756153107	0.2661794126033783	-0.040896330028772354	-0.041564226150512695	-0.1875581592321396	-0.012069916352629662	0.15173964202404022	-0.2698543071746826	0.10131923854351044	-0.06177343800663948	0.025162367150187492
-0.06414487212896347	-0.16999267041683197	-0.08652868866920471	0.14330129325389862	-0.06611937284469604	0.32507097721099854	0.08250345289707184	-0.10583129525184631	-0.21056902408599854	0.030799757689237595	0.14760935306549072	-0.016994832083582878	-0.1657085120677948	-0.026790978386998177	-0.38003501296043396	-0.04863341525197029	0.0917372778058052	-0.19803443551063538	0.08967538923025131	0.33604058623313904	0.16472522914409637	0.07035474479198456	0.05986830219626427	-0.18202131986618042	-0.03405319154262543	0.18061254918575287	0.221650630235672	-0.34090158343315125
0.19426989555358887	-0.07346178591251373	0.24501554667949677	0.1082855612039566	-0.09473323076963425	-0.051931917667388916	0.01572166197001934	0.23624365031719208	-0.23771561682224274	-0.028502605855464935	-0.002022351836785674	0.03607932850718498	-0.08134086430072784	0.08794891089200974	-0.0004034002486150712	0.08115768432617188	-0.09649840742349625	-0.2217857390642166	-0.0034739922266453505	-0.18799293041229248	0.05235688015818596	0.022967100143432617	-0.022902725264430046	0.13462790846824646	-0.12832395732402802	0.09157280623912811	-0.11532564461231232	-0.19845066964626312
0.1810230016708374	-0.27373233437538147	0.1790972799062729	0.10204890370368958	-0.29249778389930725	0.12586034834384918	-0.05326772853732109	-0.08207403123378754	-0.03596639260649681	-0.1721019744873047	0.017292330041527748	0.2609984278678894	-0.11062058806419373	-0.005217837635427713	-0.24968311190605164	0.19126734137535095	0.16590312123298645	-0.28169363737106323	-0.022428393363952637	0.1600574404001236	-0.22901557385921478	0.20322765409946442	0.15089048445224762	0.03844962641596794	-0.3907161355018616	0.21432924270629883	0.2687598168849945	-0.12559868395328522
0.06554608792066574	-0.1569504588842392	0.057291172444820404	0.07424508780241013	0.058372218161821365	0.15258684754371643	-0.2817728817462921	0.06685393303632736	-0.20576819777488708	-0.21686695516109467	-0.03375375643372536	0.20883558690547943	-0.16968321800231934	0.1097259372472763	0.07480216026306152	-0.045429591089487076	-0.07620153576135635	-0.08175566792488098	0.2364386022090912	-0.14797155559062958	0.12463001906871796	-0.03907795995473862	-0.17386174201965332	-0.07726499438285828	0.06633974611759186	-0.026891889050602913	0.14511166512966156	0.330478698015213
0.0907798707485199	-0.16075310111045837	-0.011548657901585102	0.0692126527428627	0.009705515578389168	-0.005071850027889013	0.07730849832296371	0.13870206475257874	-0.059796907007694244	-0.17386852204799652	0.17843957245349884	0.05770580843091011	-0.12345623970031738	-0.022446423768997192	-0.3237711787223816	0.0527181513607502	0.05176597461104393	-0.057670529931783676	-0.054972369223833084	0.21672874689102173	-0.012325228191912174	-0.11825191229581833	-0.010295165702700615	-0.04154728353023529	-0.27385419607162476	0.08876393735408783	0.3346732258796692	-0.09423276036977768
0.1520758867263794	-0.06513672322034836	0.049883242696523666	0.10326440632343292	-0.08519519120454788	0.24832694232463837	-0.06344781070947647	0.10770131647586823	-0.1518692821264267	-0.2619476020336151	-0.19661103188991547	-0.13957466185092926	-0.055735841393470764	0.038754161447286606	-0.4128100275993347	-0.06630084663629532	-0.1180046796798706	-0.1762644499540329	0.10087770223617554	0.029277408495545387	0.0467061772942543	-0.06992194801568985	0.10277847945690155	0.11574724316596985	-0.2205415964126587	-0.03369470685720444	0.31188589334487915	0.19445201754570007
-0.15040479600429535	0.3485396206378937	-0.08576314896345139	-0.013741959817707539	-0.27906203269958496	-0.09667438268661499	-0.11403453350067139	0.08343763649463654	0.09949381649494171	-0.06437613815069199	0.0077095916494727135	-0.03161900117993355	-0.040808480232954025	0.13859476149082184	-0.18975938856601715	0.282670259475708	-0.24954082071781158	0.23109614849090576	0.004980090074241161	-7.78961693868041e-05	0.23903301358222961	-0.17202389240264893	0.13730083405971527	-0.21655035018920898	0.03642570972442627	0.1595473438501358	-0.32083940505981445	-0.06148017570376396
-0.05579886958003044	-0.15409985184669495	-0.07131552696228027	0.026377586647868156	-0.2380981743335724	-0.20257098972797394	0.0738014280796051	0.2067517638206482	0.0960979089140892	0.30994564294815063	0.19278891384601593	-0.06154526025056839	-0.039432693272829056	0.09809446334838867	-0.1756611466407776	0.11294902116060257	0.042512234300374985	-0.1961115449666977	-0.04483797028660774	0.10054467618465424	-0.08688487112522125	-0.19701926410198212	-0.11159218847751617	0.15824367105960846	-0.2583286762237549	0.14979535341262817	0.42531147599220276	0.14409253001213074
0.07177697122097015	-0.011912232264876366	0.03313550725579262	0.04049815982580185	0.010466039180755615	-0.4201141595840454	0.08478844910860062	-0.04560866579413414	-0.06139817088842392	0.02029312774538994	-0.06183438003063202	-0.16622546315193176	0.06882695108652115	-0.014953010715544224	0.03279349207878113	0.16406908631324768	0.041046787053346634	0.12110379338264465	-0.1634741574525833	-0.08354517072439194	0.11384940892457962	0.1177695170044899	0.24479183554649353	-0.15469855070114136	0.1838972121477127	0.30694371461868286	0.010280338115990162	-0.10048340260982513
-0.14990757405757904	0.1353663057088852	-0.01601323112845421	-0.021108204498887062	-0.02052944339811802	-0.04695247858762741	0.19930577278137207	0.10655001550912857	0.15546512603759766	-0.18363329768180847	-0.0017482051625847816	-0.19052287936210632	0.1474161297082901	-0.10192086547613144	-0.14725527167320251	0.05538879707455635	-0.02041291445493698	0.2398913949728012	0.04110824316740036	-0.021628912538290024	0.12612098455429077	-0.05957707017660141	-0.011114884167909622	-0.28797969222068787	-0.0323183573782444	0.2364416867494583	-0.46240589022636414	0.24806943535804749
0.035674579441547394	-0.052555765956640244	0.10786645114421844	0.13650262355804443	0.06645150482654572	0.3400811553001404	-0.10998761653900146	0.06641782075166702	-0.2603965699672699	-0.12866085767745972	-0.09460935741662979	-0.07473498582839966	-0.2871590852737427	0.03893200308084488	-0.382760614156723	0.031716447323560715	0.19797563552856445	-0.07384245097637177	0.013957218267023563	-0.14172281324863434	0.049989815801382065	-0.04885983094573021	0.04603003337979317	0.3128594160079956	-0.3555615246295929	-0.09714693576097488	0.027565965428948402	-0.07265481352806091
0.036007657647132874	-0.23755896091461182	0.07672201097011566	0.03460090607404709	-0.1624642014503479	0.09190164506435394	0.10083317756652832	-0.26596468687057495	-0.04479660093784332	0.17603878676891327	-0.33904221653938293	-0.057667311280965805	-0.17408058047294617	0.030259644612669945	-0.35119569301605225	0.07916028797626495	0.13224448263645172	0.06033015623688698	-0.052358921617269516	0.11387565732002258	0.13106949627399445	-0.017249012365937233	-0.05436699092388153	-0.06328881531953812	0.1737389713525772	-0.0749378353357315	0.30270588397979736	0.17197750508785248
0.2592209577560425	-0.3330303728580475	-0.0018461551517248154	0.06791815906763077	0.038085296750068665	0.1466771960258484	0.05345701053738594	0.10289867222309113	-0.08319983631372452	0.026952920481562614	0.12651106715202332	-0.10404741764068604	-0.2232661098241806	-0.015726584941148758	-0.33086955547332764	-0.13023465871810913	-0.04376574605703354	-0.17306706309318542	0.04132327809929848	-0.07916624844074249	-0.008894303813576698	0.043129730969667435	-0.019423870369791985	-0.10342814028263092	0.11377133429050446	-0.020517222583293915	0.1575654149055481	0.1531086266040802
-0.04534858465194702	-0.04519642889499664	-0.15749727189540863	0.07362841069698334	-0.0009352179476991296	0.3424960672855377	0.18367639183998108	-0.161703959107399	-0.15893252193927765	-0.15274076163768768	0.019316013902425766	-0.38751640915870667	0.12037549912929535	0.22877717018127441	-0.21980591118335724	0.1416427195072174	0.1023714691400528	-0.1651178002357483	-0.08759250491857529	0.1649681180715561	-0.16203512251377106	-0.04012178257107735	0.14002066850662231	0.23954521119594574	0.05113968998193741	0.15915334224700928	-0.09718315303325653	-0.04207636043429375
-0.10548102855682373	-0.12514826655387878	-0.07700937241315842	0.05480094999074936	0.08897063881158829	-0.018064018338918686	-0.17753347754478455	-0.03679297864437103	-0.03142362833023071	-0.35795965790748596	0.08219370245933533	0.1330171376466751	-0.14234806597232819	-0.08006604760885239	-0.19693149626255035	0.2952040731906891	0.07135941088199615	-0.008594577200710773	-0.04262446239590645	0.34155964851379395	0.007571117952466011	-0.20441165566444397	0.21892952919006348	-0.048131853342056274	-0.3154118061065674	0.0999368354678154	0.4665564000606537	-0.02199544757604599
0.048821620643138885	-0.2994898855686188	0.02049889601767063	0.09440858662128448	0.006041266024112701	0.2100866287946701	-0.043229687958955765	0.16907024383544922	-0.21062518656253815	0.023349737748503685	0.3122909963130951	-0.06785812228918076	-0.16471655666828156	-0.062496695667505264	-0.40513738989830017	-0.06437023729085922	0.2094598412513733	-0.2845108211040497	0.10039055347442627	0.17642731964588165	0.1035340204834938	-0.13946428894996643	-0.10869911313056946	-0.039689548313617706	-0.03755185008049011	0.011917834170162678	0.18213701248168945	-0.03816690295934677
-0.08187353610992432	-0.0937824547290802	-0.12042755633592606	0.05163739249110222	-0.34513217210769653	0.2588590681552887	-0.10642193257808685	-0.1391015350818634	-0.1612919569015503	0.09219460189342499	-0.1556456834077835	0.04431949928402901	0.14315694570541382	-0.13486897945404053	-0.0024597360752522945	-0.024071771651506424	0.07182684540748596	0.010313024744391441	-0.014598849229514599	0.16710986196994781	0.056679047644138336	0.19290873408317566	-0.11114588379859924	0.08379139006137848	0.3629039525985718	0.08913587033748627	0.21886703372001648	-0.03482460230588913
0.2858685851097107	-0.07988055050373077	-0.03314919024705887	0.020496435463428497	0.23238350450992584	-0.18189267814159393	0.22287090122699738	0.07226287573575974	-0.0566040500998497	0.07589466869831085	0.06700928509235382	-0.030113253742456436	-0.12029214203357697	-0.07101620733737946	-0.5157493352890015	-0.14549137651920319	0.25222381949424744	-0.05818895623087883	0.008339466527104378	0.22873161733150482	0.2216685265302658	-0.11995023488998413	-0.1783299595117569	-0.0112479692324996	-0.2312679886817932	-0.06757835298776627	-0.13770540058612823	0.005813704337924719
0.1322716325521469	0.13114607334136963	0.177698016166687	0.010539361275732517	-0.178363636136055	0.3971378207206726	-0.2632107436656952	0.21243420243263245	0.1396259069442749	-0.17964573204517365	0.12812963128089905	0.12218954414129257	-0.19482184946537018	-0.2580185830593109	-0.13071978092193604	-0.1611355096101761	0.3177938759326935	0.04042573273181915	-0.09461373835802078	-0.18612034618854523	-0.21118652820587158	0.11673709750175476	0.21709316968917847	0.23102988302707672	-0.1312788724899292	0.11590918153524399	-0.2434604912996292	-0.08304186910390854
-0.1234249696135521	-0.0864371508359909	-0.10268008708953857	0.08795581012964249	-0.02029222808778286	0.34541523456573486	0.104535773396492	-0.16169020533561707	-0.09859085828065872	-0.0059651476331055164	-0.036790043115615845	-0.015853295102715492	-0.28449195623397827	-0.04956706240773201	-0.32357722520828247	0.042661502957344055	0.24748171865940094	-0.04188991338014603	0.17672868072986603	0.33392107486724854	0.2400977611541748	0.02855391800403595	-0.05829989165067673	-0.011302127502858639	0.01014307513833046	-0.04255349189043045	0.2145179808139801	-0.31716495752334595
-0.3466969430446625	0.16424673795700073	-0.2647135853767395	-0.09849688410758972	0.18243204057216644	0.32391321659088135	0.38271182775497437	0.08484432846307755	0.2496900111436844	-0.010341783985495567	0.13991795480251312	-0.36420848965644836	0.016889788210392	0.08556248992681503	-0.05584506317973137	0.3478753864765167	0.3572660982608795	-0.4178917109966278	0.0442601777613163	0.1604875773191452	-0.09971211850643158	-0.4604016840457916	0.14939522743225098	0.01244123000651598	0.22632746398448944	-0.09881903976202011	0.22993046045303345	-0.18845631182193756
0.1819629818201065	-0.3555424213409424	-0.02542668953537941	-0.002593046287074685	-0.27178654074668884	-0.07921187579631805	0.0600949265062809	0.12755298614501953	0.12958911061286926	0.4563846290111542	-0.018927494063973427	0.09377013891935349	-0.12540052831172943	0.11099397391080856	0.028323592618107796	-0.17304036021232605	0.12097648531198502	0.027157550677657127	-0.048158470541238785	-0.13263575732707977	-0.1473715752363205	-0.0029464461840689182	-0.013558928854763508	-0.0027479808777570724	-0.18264105916023254	0.36771634221076965	0.13887308537960052	0.10888906568288803
0.2695663571357727	-0.15895502269268036	-0.04983186721801758	0.08883307874202728	-0.1511448472738266	0.22625140845775604	0.2628624141216278	-0.3314245641231537	-0.2788010239601135	0.09984849393367767	-0.11586856096982956	0.018563376739621162	-0.009966140612959862	0.11206834018230438	-0.40311399102211	0.024917425587773323	0.3139972388744354	0.05217678099870682	-0.0771716758608818	0.2998143434524536	0.21515434980392456	0.06622439622879028	-0.023667648434638977	0.060978200286626816	-0.04951561987400055	0.013922778889536858	-0.298004686832428	-0.3115394413471222
-0.1422734558582306	-0.1332598626613617	0.17703498899936676	0.000986355822533369	-0.1593603938817978	0.1428782045841217	-0.12446845322847366	-0.03667377680540085	0.14945414662361145	0.30263298749923706	-0.08808857947587967	0.11609769612550735	-0.03490424528717995	0.24851828813552856	-0.020672062411904335	0.021103888750076294	-0.3651224374771118	-0.1468583196401596	-0.19483622908592224	-0.08110006898641586	-0.14571736752986908	-0.327098548412323	0.22940650582313538	0.10005161166191101	-0.01865493133664131	0.2240978628396988	0.037433475255966187	0.2471068948507309
0.022963978350162506	0.29498472809791565	-0.01206995639950037	0.07589305192232132	-0.013641850091516972	0.18278884887695312	-0.1360098272562027	0.08984816819429398	0.014463073574006557	-0.31654614210128784	-0.06927570700645447	-0.19938543438911438	-0.10325749963521957	0.006233233027160168	-0.0673651471734047	0.19687944650650024	-0.05436241254210472	0.013531867414712906	-0.2914807200431824	-0.1693183332681656	0.01930946297943592	0.02532701939344406	0.37352049350738525	0.0716962143778801	0.02582441456615925	0.2997994124889374	-0.03347020223736763	-0.36911389231681824
0.2582480311393738	-0.16108405590057373	0.028838736936450005	0.10470730811357498	-0.005128604359924793	0.1942492425441742	0.10728214681148529	-0.21378202736377716	-0.20352508127689362	-0.09585477411746979	0.026640333235263824	0.17751003801822662	-0.20660629868507385	-0.09533514082431793	-0.4819711446762085	0.08704369515180588	0.2729282081127167	-0.04605983570218086	-0.06720731407403946	0.23198911547660828	0.11952680349349976	0.15327021479606628	-0.07535826414823532	-0.040817223489284515	-0.06548438966274261	-0.05163395777344704	-0.09122595936059952	-0.13114023208618164
0.17091700434684753	-0.13802644610404968	-0.014581958763301373	0.0488068051636219	0.08473384380340576	0.17192883789539337	0.42482125759124756	-0.031821127980947495	-0.09376300126314163	-0.18316128849983215	0.10563896596431732	-0.1960172802209854	-0.09701567143201828	-0.008036482147872448	-0.3795895576477051	0.14319466054439545	0.14996366202831268	-0.2744070589542389	-0.03238154575228691	0.3044767677783966	0.10816982388496399	-0.11859048157930374	-0.064619280397892	-0.1237378939986229	-0.014131770469248295	0.028074078261852264	0.009393518790602684	-0.1294340193271637
0.11864615976810455	-0.5562794804573059	-0.08028653264045715	-0.07645181566476822	0.3938702940940857	-0.003782544983550906	0.4709734320640564	-0.3374766707420349	0.20787575840950012	0.2706379294395447	-0.16645988821983337	0.12554867565631866	-0.5963854193687439	0.2627399265766144	-0.2731984555721283	0.1008593887090683	0.6550960540771484	0.22107098996639252	0.05978608503937721	0.38432246446609497	-0.16818130016326904	-0.3434103727340698	0.13767756521701813	-0.4674074053764343	-0.3264443874359131	-0.05299345403909683	0.0991523414850235	-0.005193381570279598
0.1251460164785385	-0.29106804728507996	0.013910372741520405	0.009375673718750477	-0.09710808098316193	-0.019596897065639496	0.3772607147693634	-0.09383058547973633	0.13104858994483948	-0.20604825019836426	-0.1135445162653923	0.09255338460206985	0.06824054569005966	0.09040883928537369	-0.17319250106811523	0.4244890809059143	0.3245943486690521	-0.08697108924388885	0.0031454088166356087	0.32054588198661804	-0.14006850123405457	-0.3222724199295044	-0.10409176349639893	-0.03591585531830788	-0.13665424287319183	-0.1738184094429016	0.17597292363643646	0.10384585708379745
0.03537749871611595	-0.07948239892721176	-0.03735721856355667	-0.007026763632893562	0.026202049106359482	0.25043559074401855	-0.024657201021909714	-0.13979123532772064	0.08082828670740128	-0.14437156915664673	0.006465742830187082	-0.07625428587198257	-0.16322965919971466	0.06315477937459946	-0.6821401119232178	0.1656292974948883	0.3381381630897522	-0.032469917088747025	-0.11526013910770416	0.20635002851486206	0.34581243991851807	-0.1357949823141098	0.09326045960187912	-0.15396253764629364	-0.13038598001003265	-0.16005776822566986	0.0077817970886826515	0.18728695809841156
0.07265924662351608	0.0315520204603672	-0.4546695947647095	0.05209910869598389	0.04303997755050659	0.32425394654273987	0.05310359224677086	-0.17560939490795135	0.07708604633808136	-0.1994457095861435	-0.08846164494752884	-0.06874724477529526	0.21621328592300415	0.045499201864004135	0.19263949990272522	0.8403019309043884	0.08418580889701843	-0.1107104942202568	-0.03672207519412041	0.08326230943202972	-0.11888273805379868	0.1478220820426941	0.01668807864189148	0.049226194620132446	-0.1821330487728119	0.04061732813715935	-0.1643552929162979	-0.013352508656680584
-0.12447750568389893	0.2593228220939636	0.09099756181240082	0.004207739140838385	-0.21389533579349518	-0.04309313744306564	0.027171364054083824	0.14931032061576843	0.07074232399463654	-0.22160515189170837	0.2566440999507904	-0.03325655311346054	0.03019951842725277	-0.08888188749551773	-0.19578561186790466	0.07892400771379471	0.09292933344841003	-0.3899223804473877	-0.12999440729618073	0.04323199763894081	0.05914323404431343	-0.12919200956821442	0.04049275442957878	0.30475035309791565	0.04211069270968437	-0.3364083766937256	0.2732784152030945	0.14714986085891724
-0.35962191224098206	-0.04156928509473801	0.25443699955940247	0.05947425588965416	0.009183988906443119	0.0052576991729438305	0.20829735696315765	-0.11390382051467896	-0.053535498678684235	-0.08168400824069977	0.011970708146691322	0.0021583703346550465	0.19840478897094727	-0.1040651798248291	0.001629668870009482	-0.11543650925159454	-0.2060677856206894	0.13391190767288208	0.2537027895450592	0.052345599979162216	-0.09459660202264786	0.11624830961227417	0.0972324088215828	-0.1832209825515747	-0.14590974152088165	0.07077637314796448	0.07168269902467728	-0.012286127544939518
-0.14468663930892944	-0.19789434969425201	-0.06464756280183792	0.011399531736969948	0.0031767836771905422	-0.13754621148109436	0.06577067077159882	0.1376248449087143	0.05481472611427307	0.22344182431697845	0.3773951232433319	-0.08715499937534332	-0.2565082311630249	-0.008344527333974838	-0.3776914179325104	-0.07157845795154572	0.10503926873207092	-0.0891028493642807	0.04645586758852005	0.1285434067249298	0.11335089057683945	-0.4513032138347626	-0.19226373732089996	0.030880967155098915	0.030457628890872	0.028878679499030113	0.23196101188659668	0.2727985680103302
0.3626226484775543	-0.27747437357902527	-0.14644452929496765	0.018302645534276962	0.2341989427804947	0.12083896994590759	0.18659457564353943	-0.0808519646525383	0.08858757466077805	-0.1090572401881218	0.09239806979894638	-0.05890054628252983	-0.12927782535552979	0.08777681738138199	-0.44805413484573364	0.06749449670314789	0.1997881978750229	-0.08860275149345398	0.09901776164770126	0.23530283570289612	0.36805328726768494	-0.16124479472637177	-0.18051069974899292	-0.23667706549167633	-0.2660055458545685	-0.015248226001858711	-0.13772869110107422	0.10109186917543411
-0.06206001713871956	-0.06555106490850449	0.024772323668003082	0.013381976634263992	-0.10997893661260605	-0.017688751220703125	-0.15701009333133698	0.042959846556186676	-0.001107870601117611	-0.15903712809085846	0.11240365356206894	0.1610751450061798	-0.060300495475530624	-0.14520375430583954	-0.18072499334812164	0.22457018494606018	0.15367814898490906	-0.10445518791675568	-0.06982819736003876	0.2011018544435501	-0.01815127022564411	0.000146752834552899	0.06667157262563705	0.16989322006702423	-0.11931906640529633	-0.10710370540618896	0.28830114006996155	0.04104083031415939
0.07605940103530884	-0.0882093533873558	-0.0787944421172142	0.02404068596661091	-0.03433963283896446	0.10568811744451523	0.09926354885101318	-0.024080798029899597	0.10284298658370972	-0.13980534672737122	0.31885096430778503	-0.1161082312464714	0.007979036308825016	-0.055837783962488174	-0.5066956281661987	0.23199410736560822	0.1455623209476471	-0.24912796914577484	-0.2425246387720108	0.33549004793167114	0.10044194012880325	0.021384840831160545	0.16311973333358765	0.023643001914024353	-0.2411334216594696	-0.09109535813331604	0.004866902716457844	-0.12258856743574142
0.12222493439912796	-0.3199178874492645	0.017112290486693382	0.10272140800952911	0.2711719572544098	0.26139283180236816	0.09608571231365204	-0.004098821431398392	-0.1647273451089859	0.11523235589265823	-0.03316614404320717	-0.051472604274749756	-0.19785797595977783	0.06895914673805237	-0.47273239493370056	-0.28517553210258484	0.006349937990307808	-0.03876684233546257	0.09781049191951752	0.21519266068935394	0.25958287715911865	-0.10935284197330475	-0.0784735232591629	-0.06053227558732033	-0.16166219115257263	-0.01564137637615204	0.004283382557332516	-0.08667535334825516
-0.07349104434251785	-0.003125334857031703	0.11211200803518295	0.05952097475528717	0.12413883954286575	-0.25979289412498474	-0.05217312276363373	0.18819458782672882	-0.029766911640763283	0.22987745702266693	-0.3142183721065521	0.08985432237386703	0.12740349769592285	0.13218943774700165	-0.068644680082798	-0.0030560391023755074	0.02775423415005207	0.015522348694503307	-0.1160740852355957	0.06692103296518326	-0.15447525680065155	-0.2181556075811386	-0.12045663595199585	-0.023606503382325172	0.21466445922851562	0.042003318667411804	-0.19622397422790527	-0.09592635929584503
0.2793523967266083	-0.10247011482715607	0.01203922089189291	0.032040201127529144	0.13512586057186127	-0.01852766051888466	0.013094263151288033	0.17362549901008606	-0.031484685838222504	-0.2591242790222168	0.02077854797244072	-0.07045148313045502	-0.10562022030353546	-0.10093093663454056	-0.30969712138175964	-0.11125428229570389	0.11167088150978088	-0.07315043359994888	-0.027295716106891632	0.05807536467909813	0.05607181042432785	0.00010741615551523864	-0.052768003195524216	0.08803524076938629	-0.0593746043741703	-0.11351742595434189	0.09038351476192474	0.41040414571762085
0.17073985934257507	0.10955073684453964	-0.09114661067724228	0.02080853283405304	-0.06907015293836594	0.0789642408490181	0.11137235909700394	0.004654703661799431	-0.026500560343265533	-0.3396468162536621	0.005606375634670258	-0.07230941206216812	0.19335509836673737	0.009615074843168259	-0.40560010075569153	0.2808574140071869	0.14461924135684967	-0.17124810814857483	-0.06064585968852043	0.3497832417488098	0.07287062704563141	-0.004383325111120939	0.21307766437530518	0.07858386635780334	-0.3909347951412201	-0.08089626580476761	-0.1401418298482895	-0.0856953039765358
0.09923658519983292	0.21701112389564514	-0.27462053298950195	0.09041349589824677	0.14360855519771576	0.3853785991668701	0.0011619797442108393	-0.3924606144428253	-0.09986360371112823	-0.13236573338508606	-0.16862495243549347	-0.18340834975242615	0.007875708863139153	-0.028854409232735634	-0.21993879973888397	0.46649014949798584	0.1677522510290146	-0.15155470371246338	-0.06863383203744888	-0.06765496730804443	-0.14304998517036438	0.13180501759052277	0.07464472949504852	0.15865227580070496	0.013710049912333488	-0.059835854917764664	-0.07213488221168518	0.264488160610199
0.28383803367614746	-0.11164161562919617	-0.14102166891098022	0.0008604639442637563	0.18083390593528748	-0.12804439663887024	0.16740235686302185	0.08022203296422958	0.035957206040620804	0.061123479157686234	0.18396064639091492	-0.11855537444353104	-0.1667739599943161	-0.10851649940013885	-0.5618389248847961	-0.01701303757727146	0.22780486941337585	-0.19731155037879944	0.00191693811211735	0.2735314667224884	0.21885786950588226	0.10411136597394943	-0.16521261632442474	-0.01941704750061035	-0.1158875972032547	-0.15454132854938507	-0.07232394814491272	0.07440604269504547
0.043090544641017914	0.07161665707826614	-0.19829849898815155	0.05746544525027275	0.1288054883480072	0.11893051862716675	-0.2492799609899521	-0.021046068519353867	-0.061587974429130554	-0.14579042792320251	0.06860197335481644	-0.14727269113063812	0.02246595360338688	-0.04236200451850891	0.030417000874876976	0.001051365863531828	-0.23869194090366364	0.12782177329063416	-0.08490290492773056	-0.045810770243406296	0.03951409086585045	-0.19388458132743835	0.20551319420337677	0.02473820187151432	0.11114051938056946	0.44648346304893494	0.28237923979759216	-0.036287397146224976
0.11421050876379013	0.15203697979450226	0.09516294300556183	-0.04336581751704216	-0.02710069715976715	0.069706030189991	0.2617169916629791	0.12170364707708359	0.1354561299085617	-0.12101685255765915	0.02696060575544834	0.07123871892690659	-0.21568715572357178	-0.32201844453811646	-0.23110347986221313	0.08041305840015411	0.06865184009075165	0.12550023198127747	0.07829806953668594	-0.00514012249186635	0.3245673179626465	-0.326651394367218	0.22183427214622498	-0.036881353706121445	-0.01676434837281704	-0.22752773761749268	-0.23151187598705292	-0.1716470569372177
0.02247508242726326	0.05191890522837639	0.09801306575536728	-0.005894628819078207	-0.09989068657159805	-0.19316807389259338	-0.06231715902686119	0.22505861520767212	0.053001683205366135	-0.14910800755023956	0.25494804978370667	0.06076786667108536	-0.06519047915935516	-0.07591737806797028	-0.2436704933643341	-0.022906528785824776	0.2440354973077774	-0.23025159537792206	-0.00914069265127182	0.04924364015460014	-0.08929000794887543	-0.19211550056934357	0.057221923023462296	0.27600497007369995	-0.12321767956018448	-0.09904024749994278	0.19653598964214325	0.1373044103384018
-0.10394120961427689	-0.11180983483791351	-0.4032132029533386	0.0005811834707856178	0.13429011404514313	-0.09817717224359512	0.15131612122058868	-0.20134353637695312	-0.03333328291773796	0.09308373183012009	0.10697931796312332	0.19178292155265808	0.15719950199127197	0.06187162548303604	0.045172981917858124	0.24151673913002014	0.3312213122844696	0.16664734482765198	-0.1208372637629509	0.5674036741256714	0.15327459573745728	-0.33110755681991577	0.03339848667383194	0.060912955552339554	-0.37311604619026184	-0.009017063304781914	-0.0683351531624794	-0.36471471190452576
0.1480873078107834	0.031125172972679138	-0.19696912169456482	0.039258215576410294	0.13361425697803497	0.30473875999450684	-0.08734700083732605	-0.4449722170829773	-0.07896355539560318	-0.09079994261264801	-0.07122039049863815	0.2761761248111725	0.045204587280750275	0.024778228253126144	0.1782389134168625	0.2981144189834595	-0.03036293387413025	-0.012347747571766376	0.04771408438682556	0.08582941442728043	0.27213120460510254	-0.13907578587532043	-0.2793625593185425	-0.07802395522594452	-0.15412189066410065	0.002584026660770178	-0.04154779016971588	-0.15355892479419708
0.32214227318763733	-0.06836173683404922	-0.09563512355089188	-0.037682682275772095	-0.1346064805984497	-0.12928202748298645	0.09872089326381683	-0.18295343220233917	-0.01803506910800934	-0.1608729064464569	0.2897569537162781	0.16724950075149536	0.3019283413887024	-0.37192612886428833	0.045660872012376785	0.3553698658943176	0.05337086319923401	-0.2871338725090027	0.0004449225671123713	0.17325767874717712	-0.1259802281856537	0.026022056117653847	-0.0042740777134895325	-0.04454313963651657	-0.06805950403213501	-0.04893098399043083	-0.3482697606086731	0.19001881778240204
-0.11163581907749176	-0.3679311275482178	-0.09701777249574661	0.08163247257471085	0.017268946394324303	0.27316340804100037	-0.18401846289634705	0.061046052724123	-0.220589280128479	-0.022104954347014427	0.006471649277955294	-0.2458200454711914	-0.11864007264375687	-0.004050925839692354	-0.3318968117237091	-0.20705966651439667	0.21917983889579773	-0.10617680102586746	0.029723936691880226	0.07562185823917389	0.1055009514093399	-0.0002802057424560189	-0.020953582599759102	0.09746846556663513	0.1677752137184143	0.008883572183549404	0.1403438150882721	0.24049529433250427
-0.08974120765924454	-0.07228611409664154	0.009771078824996948	0.014932258054614067	-0.21109460294246674	-0.05953269451856613	-0.08035869896411896	0.006786160636693239	-0.14599788188934326	-0.12153211236000061	0.1340879648923874	0.0782591849565506	0.12906216084957123	-0.31973403692245483	-0.2085273563861847	0.0061958166770637035	0.34874024987220764	-0.17831256985664368	-0.05714209005236626	0.22479642927646637	0.20434169471263885	0.11732941120862961	-0.17386208474636078	0.25195661187171936	0.2006921023130417	-0.1774195283651352	-0.09893343597650528	0.17404332756996155
0.14115482568740845	0.046442367136478424	-0.09153386950492859	0.05848325788974762	0.07717940211296082	-0.07892150431871414	-0.08596610277891159	0.24899302423000336	-0.023488327860832214	0.2605035603046417	-0.2468927949666977	-0.055604368448257446	0.18598014116287231	0.012070616707205772	-0.10957949608564377	-0.21928207576274872	-0.15518929064273834	-0.18700353801250458	0.15029430389404297	0.027106188237667084	-0.05094024911522865	0.08551077544689178	0.07273082435131073	-0.02199367806315422	0.21196044981479645	-0.18034997582435608	-0.04119723290205002	-0.055858466774225235
-0.08115087449550629	-0.06880644708871841	-0.03402547165751457	0.017619911581277847	-0.2859039008617401	-0.06590460985898972	-0.05686907470226288	0.03315488249063492	-0.06747240573167801	-0.025995412841439247	0.16360145807266235	0.06907444447278976	0.1475641131401062	-0.4074138104915619	-0.16348819434642792	-0.02992076799273491	0.3830726146697998	-0.13704007863998413	-0.1342598795890808	0.23458629846572876	0.21604008972644806	0.09777585417032242	-0.17041942477226257	0.2696155905723572	0.09837934374809265	-0.1560453623533249	0.0021081366576254368	0.21654725074768066
-0.03706691414117813	-0.119407057762146	0.198366180062294	0.03319482505321503	0.1487562209367752	0.28626492619514465	0.0800681859254837	-0.14291256666183472	0.013570306822657585	0.06262750178575516	0.08072859048843384	0.1652708500623703	-0.3352102041244507	-0.016826828941702843	-0.3663930892944336	0.10569023340940475	0.19903644919395447	-0.12913554906845093	0.024060148745775223	0.03983249515295029	0.05007639154791832	-0.12246234714984894	0.16655169427394867	-0.05138176307082176	-0.12175273150205612	-0.23942965269088745	0.03608633205294609	-0.19810210168361664
0.13404616713523865	-0.1982036679983139	0.019453423097729683	0.05556349456310272	-0.09596692770719528	0.21504978835582733	-0.016121327877044678	0.12480428069829941	0.05197836086153984	-0.01844838261604309	0.448039710521698	0.17005698382854462	-0.2091069221496582	-0.06645717471837997	-0.2588869631290436	0.08899443596601486	-0.1442832499742508	-0.23830896615982056	-0.03600628301501274	0.10625936836004257	0.10445936024188995	-0.17904987931251526	-0.04340464994311333	-0.12198501080274582	-0.008686450310051441	-0.04870874807238579	0.23347575962543488	-0.0835380107164383
0.07248934358358383	-0.13439522683620453	0.04367098584771156	0.06659878045320511	0.1444176882505417	-0.1148330494761467	-0.035919781774282455	0.15539923310279846	-0.0014417958445847034	-0.22277261316776276	0.11740140616893768	0.027765408158302307	-0.2565559148788452	-0.26767873764038086	-0.23311910033226013	0.2192254215478897	0.2490154206752777	-0.09895367175340652	0.028622595593333244	0.16377201676368713	0.1927686631679535	-0.06307953596115112	-0.01712265983223915	-0.046413835138082504	-0.2715764045715332	0.018739789724349976	0.2321690320968628	0.10532442480325699
-0.2141270935535431	0.0651775375008583	-0.24739813804626465	0.046364374458789825	0.29392319917678833	0.1269053816795349	0.07889200747013092	-0.024808751419186592	0.006477713584899902	-0.18478694558143616	0.3115844130516052	-0.033440299332141876	-0.24545302987098694	-0.030909711495041847	-0.28785592317581177	0.3266248404979706	0.1113395020365715	-0.03862305358052254	0.18392188847064972	0.1808232069015503	-0.12870058417320251	-0.1369083970785141	-0.18655188381671906	0.008050736971199512	-0.016211483627557755	-0.18823355436325073	0.0012933388352394104	-0.16324958205223083
0.4199458956718445	0.22571225464344025	-0.11510902643203735	0.060273535549640656	0.06105732172727585	0.1068200170993805	0.09443148970603943	-0.2887817919254303	-0.16144995391368866	-0.3622625768184662	-0.1254591941833496	0.19199107587337494	-0.1774846613407135	0.207024484872818	-0.34328946471214294	-0.19305671751499176	0.44153448939323425	0.19933845102787018	0.048921454697847366	0.014601058326661587	0.30374565720558167	-0.2256605476140976	-0.06012371927499771	0.2648777365684509	-0.23086881637573242	-0.010010164231061935	-0.36517566442489624	-0.1350976824760437
-0.11269056051969528	0.034580375999212265	-0.11797645688056946	0.07455722987651825	0.3092154562473297	0.20268376171588898	-0.0027400627732276917	-0.010363172739744186	-0.10004056245088577	-0.10329851508140564	0.0693366676568985	-0.18857069313526154	-0.23450887203216553	-0.014003513380885124	-0.3399938642978668	0.11927486211061478	0.0527152493596077	-0.15611092746257782	0.069293312728405	0.07066936045885086	0.011551758274435997	-0.10892730206251144	-0.014571094885468483	0.05703911557793617	0.017689654603600502	-0.08598840236663818	0.2432166486978531	0.01639360561966896
0.0004223822325002402	-0.09749221056699753	0.022366799414157867	0.03581517934799194	-0.10886099934577942	0.08259446918964386	-0.2455158531665802	0.19869492948055267	-0.18293547630310059	-0.20120881497859955	-0.08267410844564438	0.09059923142194748	-0.18541736900806427	0.148664653301239	-0.022701650857925415	-0.22959452867507935	0.11342496424913406	0.07418911904096603	0.22739437222480774	-0.13168880343437195	0.12997353076934814	-0.0677013173699379	-0.22524993121623993	0.086202472448349	-0.005551579408347607	0.061857860535383224	0.053373705595731735	0.21281671524047852
0.11648700386285782	0.24299032986164093	-0.006138922646641731	-0.05792085453867912	-0.08976557850837708	0.3115001320838928	0.13060228526592255	-0.10864804685115814	0.24372749030590057	-0.03575471043586731	-0.33314675092697144	0.16196440160274506	-0.3347777724266052	-0.19712617993354797	-0.19822028279304504	0.0052270847372710705	0.283367395401001	0.38579466938972473	0.17725110054016113	-0.22949476540088654	0.26518714427948	-0.32499611377716064	0.18980176746845245	-0.01165784802287817	0.11849988996982574	-0.3127559423446655	-0.37974774837493896	0.29387030005455017
0.10317333787679672	-0.060900043696165085	0.009663847275078297	0.075224868953228	0.0597367025911808	0.06938207149505615	-0.004206208512187004	0.13132244348526	-0.15575173497200012	-0.1948281079530716	0.24489662051200867	-0.06951961666345596	-0.36763885617256165	-0.05549470707774162	-0.4657823443412781	-0.12103867530822754	0.13632376492023468	-0.039984896779060364	0.030358629301190376	0.02422579936683178	0.09770775586366653	-0.015572400763630867	-0.0403384193778038	-0.022132690995931625	0.10662936419248581	0.03239835426211357	0.05426472797989845	0.10212036222219467
-0.10117396712303162	-0.14002658426761627	-0.17869709432125092	0.06230204179883003	-0.0214085690677166	0.2297183722257614	0.029026731848716736	-0.2531810402870178	0.03655330464243889	-0.07328341901302338	-0.33317604660987854	-0.10154444724321365	0.014612026512622833	0.18332284688949585	-0.19099505245685577	0.3663657605648041	0.059471797198057175	0.2805786430835724	-0.14247718453407288	0.1760788857936859	-0.01788402907550335	-0.18329931795597076	0.1646832376718521	0.03647341951727867	0.1020553708076477	-0.05373642221093178	0.2112172245979309	0.2766496539115906
0.2127779871225357	-0.11737538874149323	-0.34823140501976013	0.03453623875975609	0.060897331684827805	0.06377486884593964	0.2601335346698761	-0.13671386241912842	-0.120915986597538	-0.08063869923353195	-0.07724011689424515	-0.17035381495952606	0.0983448252081871	-0.20814678072929382	-0.2970631718635559	0.042715661227703094	0.2882159352302551	0.0013424829812720418	-0.18422511219978333	0.4585086405277252	0.2482747882604599	-0.1372484564781189	0.002289218595251441	0.028667066246271133	-0.13600938022136688	0.2004106193780899	0.08734741806983948	-0.08244923502206802
0.25818756222724915	-0.005681265145540237	0.08026262372732162	0.0024994665291160345	-0.050204336643218994	-0.026809966191649437	0.008168025873601437	0.03584567829966545	0.0016720653511583805	0.012061216868460178	0.04270794242620468	0.008702816441655159	0.10878551006317139	0.13098342716693878	0.1990288943052292	0.010111290030181408	-0.02030157670378685	-0.2253776341676712	0.586418628692627	-0.2406882494688034	0.24140708148479462	-0.1544899344444275	-0.2890744209289551	-0.26882097125053406	0.0621546246111393	-0.08650993555784225	0.019629497081041336	0.12312596291303635
-0.02994241751730442	0.3290502429008484	-0.04898938536643982	-0.017637670040130615	-0.001922198454849422	-0.005637004040181637	0.047442276030778885	-0.29514050483703613	0.02691763825714588	-0.3278920352458954	-0.04795612394809723	0.01221658568829298	-0.09208408743143082	0.039639685302972794	-0.35120412707328796	0.3884650766849518	0.3285263776779175	-0.10797154158353806	0.10698167234659195	-0.019529925659298897	0.054347649216651917	-0.10983791202306747	-0.010054495185613632	-0.06352028995752335	0.14475561678409576	-0.17948020994663239	-0.09189913421869278	0.3105212450027466
-0.02350948192179203	-0.05382085591554642	-0.09110691398382187	0.01970239169895649	0.13841263949871063	-0.01498775091022253	0.13643543422222137	0.04372861981391907	0.13411790132522583	0.03087332472205162	0.266152024269104	-0.18304766714572906	-0.10254786908626556	-0.2946321964263916	-0.3845415413379669	0.1744915246963501	0.2854383587837219	-0.12946589291095734	-0.028535472229123116	0.1282210797071457	0.1838439255952835	-0.18048952519893646	0.020747987553477287	-0.03303201496601105	-0.14351418614387512	-0.09261313825845718	0.16396445035934448	0.01801074482500553
0.06322041153907776	-0.024476071819663048	0.04131675139069557	0.06252117455005646	0.17589117586612701	-0.133510023355484	-0.32940763235092163	-0.05482020229101181	-0.06711091846227646	0.16123612225055695	-0.010613789781928062	0.18122346699237823	0.2592359185218811	0.046658143401145935	-0.08271897584199905	-0.005395796615630388	-0.32067903876304626	-0.1259973794221878	-0.023855311796069145	0.15624329447746277	-0.3666378855705261	-0.05298105999827385	0.15201734006404877	-0.027670037001371384	0.1250416487455368	-0.02706858702003956	-0.1364900916814804	0.03426371514797211
0.27215391397476196	-0.026906345039606094	0.10925322771072388	0.0375138521194458	-0.14331336319446564	0.09452901780605316	-0.09054652601480484	0.09416073560714722	0.04353620484471321	-0.32700803875923157	0.3217337131500244	0.21230369806289673	-0.18713174760341644	-0.22900253534317017	-0.4297276735305786	0.13093909621238708	-0.02211923524737358	-0.3126855492591858	-0.06650358438491821	0.12533198297023773	-0.0008885651477612555	0.10185182094573975	0.13514861464500427	-0.03238699212670326	0.02886873297393322	-0.2825179398059845	-0.010165989398956299	0.10771244019269943
-0.04216284677386284	-0.06981656700372696	-0.043107278645038605	0.05332561954855919	-0.14564728736877441	0.02221301943063736	0.06395546346902847	0.2514551877975464	-0.015576116740703583	0.18221235275268555	-0.05401366949081421	-0.16321277618408203	0.14908067882061005	0.013486898504197598	-0.06644902378320694	-0.16846200823783875	0.18674224615097046	-0.36047595739364624	0.46029385924339294	0.10045531392097473	0.1892734169960022	-0.06670563668012619	-0.20113849639892578	0.008031015284359455	0.09937100857496262	0.0048117549158632755	0.11000299453735352	-0.06699250638484955
-0.06896618008613586	-0.11196441203355789	-0.06072113290429115	0.029370034113526344	0.022301338613033295	-0.027309728786349297	0.06939785182476044	0.11561377346515656	0.13752087950706482	-0.07630395144224167	0.07706203311681747	-0.08686387538909912	0.01706124097108841	0.003787391586229205	-0.23895001411437988	-0.06678794324398041	0.0919058620929718	-0.18883971869945526	-0.04615023359656334	0.13425889611244202	-0.009645608253777027	-0.3860798478126526	0.3127310574054718	0.2586292326450348	-0.6556509733200073	-0.016291379928588867	0.23270392417907715	0.11103641986846924
0.07932180166244507	-0.052165109664201736	0.029500097036361694	0.07195926457643509	-0.0462942011654377	0.21141983568668365	-0.03939976543188095	0.1668536514043808	-0.12037363648414612	-0.25349101424217224	0.29719680547714233	0.012320410460233688	-0.17080606520175934	-0.10856709629297256	-0.3846675455570221	0.059278130531311035	-0.10238979756832123	-0.2639505863189697	-0.003479015314951539	0.19739748537540436	-0.032933130860328674	-0.07671336829662323	0.07551874220371246	0.02603873983025551	-0.06233454495668411	-0.010689442977309227	0.26523903012275696	-0.1200266033411026
-0.18013885617256165	-0.10000436753034592	0.1839655041694641	0.06677322089672089	-0.009208977222442627	0.09087075293064117	-0.07920175045728683	0.11797932535409927	0.010140100494027138	-0.2057066559791565	-0.0238786768168211	-0.03759711980819702	-0.32369357347488403	-0.03135307505726814	-0.263293594121933	0.2489147037267685	0.22460892796516418	-0.09960567951202393	0.010767334140837193	-0.023381497710943222	-0.11648054420948029	-0.1270603984594345	0.1639498621225357	0.047559648752212524	-0.03458032384514809	-0.03031229041516781	0.3829517960548401	0.052572354674339294
0.20092308521270752	0.03769046440720558	-0.2270524650812149	-0.011549383401870728	0.026156513020396233	0.1947704553604126	0.5844761729240417	0.06223929300904274	0.0021881151478737593	-0.17540892958641052	0.025997623801231384	-0.1686774045228958	0.008967979811131954	-0.2703167796134949	-0.21699510514736176	0.15866616368293762	0.19686155021190643	-0.2220134139060974	-0.14230398833751678	0.3789593279361725	0.3451398015022278	-0.30880919098854065	0.021094394847750664	0.09714976698160172	-0.12590503692626953	0.0807691439986229	-0.34460464119911194	-0.20866718888282776
0.11218531429767609	-0.17968378961086273	-0.01317902933806181	0.08503185212612152	0.13781297206878662	0.2948262393474579	0.39072632789611816	-0.32433274388313293	0.022981269285082817	0.18168328702449799	-0.18919925391674042	-0.1219332292675972	-0.3672952651977539	0.022001422941684723	-0.27165699005126953	0.2287069857120514	0.26227420568466187	-0.12126793712377548	0.30346500873565674	0.11205610632896423	0.16839516162872314	-0.12016890943050385	0.15928524732589722	-0.2230558842420578	-0.40103304386138916	-0.34687772393226624	0.1784977912902832	-0.38101139664649963
0.2309742420911789	-0.12345186620950699	0.08084336668252945	0.03957533836364746	-0.014994515106081963	0.28748035430908203	0.02808466926217079	0.07429803162813187	0.1284642219543457	-0.043670058250427246	0.06825689971446991	-0.040471870452165604	-0.20206665992736816	0.056274108588695526	-0.17166045308113098	0.03734259307384491	0.15230000019073486	-0.20622940361499786	-0.2199917435646057	-0.23666207492351532	-0.41909822821617126	0.2549903094768524	0.2679176330566406	0.1572422981262207	-0.0964522585272789	-7.935082248877734e-05	-0.03384603559970856	-0.1072816476225853
-0.04900319501757622	0.15615762770175934	0.0004847000236622989	-0.0069780959747731686	0.08921289443969727	-0.023530418053269386	-0.23538069427013397	0.08181901276111603	0.1547175943851471	-0.1208924949169159	-0.3612406253814697	-0.06946036219596863	0.13896046578884125	-0.20479875802993774	0.04091694951057434	0.1352013349533081	0.20628271996974945	0.31464269757270813	-0.16484346985816956	-0.06799258291721344	-0.025599811226129532	0.2350998818874359	0.18891075253486633	-0.09056927263736725	-0.03716951236128807	0.18896009027957916	-0.14120745658874512	-0.0992218405008316
-0.25112777948379517	0.07662105560302734	0.18909777700901031	-0.0137021504342556	-0.2633799612522125	-0.09340870380401611	-0.012213668785989285	0.11824717372655869	0.19835513830184937	0.0034259590320289135	0.06499207019805908	0.3196526765823364	-0.2870096266269684	-0.005137762986123562	-0.07341527938842773	0.369183748960495	0.09668197482824326	0.09966500848531723	0.13287560641765594	-0.06593102216720581	-0.01186161208897829	-0.43530887365341187	0.2045682668685913	-0.11378995329141617	0.18060949444770813	-0.16648690402507782	-0.03219457343220711	0.010659405030310154
0.29820650815963745	-0.0572245791554451	0.09517567604780197	0.013236124999821186	0.21542225778102875	0.03278527036309242	0.2316620796918869	-0.2022649496793747	-0.20557738840579987	-0.01909179426729679	0.03346025571227074	0.1354796141386032	-0.19926036894321442	-0.06583534181118011	-0.28876224160194397	-0.0410962738096714	0.04113520309329033	-0.09968530386686325	-0.023834899067878723	0.10872218757867813	0.2429705113172531	-0.19080914556980133	-0.13361750543117523	-0.045478705316782	-0.07461770623922348	-0.14859209954738617	0.018877176567912102	0.005443220026791096
0.03686382621526718	-0.213557630777359	0.0831395760178566	0.061115339398384094	-0.09190503507852554	0.09839615970849991	0.0037665783893316984	0.156454935669899	-0.09173696488142014	-0.02657179720699787	0.02623259276151657	0.017432179301977158	-0.1590350866317749	-0.041577715426683426	-0.17361709475517273	-0.22234760224819183	-0.06772729754447937	0.011040914803743362	-0.14956367015838623	0.02511722780764103	0.03726401925086975	-0.2501140534877777	0.16120201349258423	0.3331480920314789	-0.2956434488296509	0.029472077265381813	0.3733261525630951	0.11471443623304367
-0.24505957961082458	-0.05431828647851944	-0.18388161063194275	0.12414795905351639	-0.06616166234016418	0.26719793677330017	0.12465591728687286	-0.03450656682252884	-0.061102308332920074	0.10254807770252228	-0.2698574662208557	-0.024016350507736206	-0.28463268280029297	-0.012621462345123291	-0.48420682549476624	0.21078194677829742	0.22996428608894348	0.05719085782766342	0.2835369408130646	0.5428180694580078	0.2920222282409668	-0.16574740409851074	0.03579869493842125	-0.13076052069664001	-0.20466604828834534	-0.013604484498500824	0.22130908071994781	-0.34450942277908325
0.06925535202026367	-0.08310991525650024	-0.09767106175422668	-0.017938485369086266	0.06472184509038925	-0.19763635098934174	-0.04350198805332184	0.0516718290746212	0.19887752830982208	-0.1293582022190094	0.04748954623937607	-0.07410731166601181	-0.04093432426452637	-0.29170769453048706	-0.35963597893714905	0.2175743579864502	0.16442696750164032	0.07189399749040604	-0.14109589159488678	0.20324097573757172	0.10605036467313766	-0.20320022106170654	0.3568589389324188	-0.08173297345638275	-0.18442000448703766	0.059620942920446396	0.1915137618780136	0.40820586681365967
0.009504303336143494	-0.21399369835853577	0.007740836124867201	0.046357568353414536	0.09570799767971039	0.2661541998386383	-0.05533609911799431	-0.35473984479904175	-0.09769091755151749	-0.18551777303218842	0.09176307171583176	0.06748885661363602	-0.06923341751098633	-0.03115369938313961	-0.4999977946281433	0.22219936549663544	0.1510738879442215	-0.10304544866085052	-0.14173643290996552	0.3019380569458008	-0.07635228335857391	-0.1460791528224945	0.18461041152477264	-0.12487491965293884	-0.09754852950572968	0.06854824721813202	0.18327924609184265	0.0027769203297793865
0.19398857653141022	-0.14254239201545715	-0.15403172373771667	0.05368473008275032	0.16047649085521698	0.15638577938079834	-0.046514641493558884	0.06256323307752609	-0.04551585018634796	-0.021488316357135773	0.14230476319789886	-0.16533464193344116	-0.16112999618053436	0.021039754152297974	-0.24594758450984955	-0.05135397985577583	-0.08987945318222046	-0.19387690722942352	0.09418898075819016	-0.1349690556526184	-0.09120960533618927	0.1138918474316597	0.054943330585956573	-0.07012391090393066	0.10493279993534088	-0.03004809282720089	0.019292376935482025	0.30215299129486084
0.08437623828649521	0.25625085830688477	-0.2025848776102066	-0.053631898015737534	-0.09237874299287796	0.21748000383377075	0.02730770781636238	0.15695437788963318	0.14506711065769196	-0.6663132309913635	0.5037919282913208	-0.06919655948877335	-0.10478261113166809	0.32052138447761536	-0.4892413914203644	-0.1446142941713333	-0.13809914886951447	-0.1903240829706192	-0.06719610840082169	-0.0072279456071555614	0.15244367718696594	-0.358331561088562	-0.11146079748868942	-0.05010545626282692	0.0401100255548954	-0.11011326313018799	0.20516575872898102	0.7287396192550659
0.139165997505188	-0.0024903523735702038	-0.04320639744400978	0.043998293578624725	0.11122786998748779	0.01659592241048813	-0.027332814410328865	0.16231928765773773	0.06431002169847488	-0.1702890694141388	-0.05273636430501938	-0.24325589835643768	-0.06604784727096558	-0.2711288630962372	-0.11221294105052948	0.25160786509513855	-0.11135577410459518	0.038313474506139755	0.07822521030902863	-0.21386292576789856	0.17546558380126953	-0.0689731314778328	0.21780060231685638	-0.1645364761352539	-0.01474961917847395	0.002283316571265459	0.07036124169826508	0.25905492901802063
0.12316623330116272	-0.26212313771247864	0.11786235868930817	0.07620231807231903	0.16241171956062317	0.13118329644203186	0.1575973778963089	-0.056427303701639175	-0.08152978122234344	0.08096909523010254	-0.01898086443543434	0.04484445974230766	-0.26644423604011536	-0.007614606991410255	-0.43596139550209045	0.0199515949934721	0.0689459815621376	-0.14846017956733704	-0.016553068533539772	0.12142052501440048	0.028599416837096214	-0.17761115729808807	0.09597375988960266	0.0645565465092659	-0.18115708231925964	-0.1376846879720688	0.09155983477830887	-0.1054033562541008
0.08782487362623215	-0.22595828771591187	-0.07761912047863007	0.009913627058267593	0.05421600863337517	-0.00926392711699009	-0.09760980308055878	0.10092312097549438	0.16529728472232819	-0.4167746305465698	0.18923021852970123	0.039309609681367874	-0.2897692620754242	-0.12551382184028625	-0.47796234488487244	0.22318029403686523	0.4601658880710602	-0.008690282702445984	-0.03459510952234268	0.24896889925003052	0.009912880137562752	-0.028822120279073715	0.22149769961833954	-0.23878563940525055	-0.370206356048584	0.04442049562931061	0.18913672864437103	0.011074515990912914
0.23473326861858368	0.18087078630924225	-0.03762577846646309	0.044525519013404846	-0.23740823566913605	-0.0054907421581447124	-0.2972162663936615	-0.1580178141593933	-0.02350654825568199	0.21498799324035645	0.15712431073188782	0.06809418648481369	0.09073805063962936	0.2753342390060425	0.0030837408266961575	0.10654394328594208	-0.16782014071941376	-0.2895341217517853	0.365236759185791	-0.319842666387558	0.15782345831394196	0.011993203312158585	-0.14857438206672668	-0.011350231245160103	-0.3284309208393097	0.19286413490772247	-0.17978814244270325	0.05273975804448128
0.2609141170978546	-0.1410360187292099	-0.0270416010171175	0.06610119342803955	-0.010441306978464127	0.09989043325185776	0.05207069590687752	0.07350776344537735	-0.08891351521015167	0.00739629939198494	0.023921530693769455	0.2886919379234314	-0.04243401810526848	0.0030810970347374678	-0.10355929285287857	0.12200681120157242	-0.03748009726405144	-0.08680073916912079	-0.10743694007396698	0.1877724677324295	0.13160666823387146	0.03643294796347618	-0.18967516720294952	0.09873467683792114	-0.2405305653810501	-0.2429371178150177	0.2339952439069748	-0.17642715573310852
-0.08121781796216965	-0.07617153227329254	0.10363440215587616	-0.039934366941452026	-0.14869655668735504	-0.14388041198253632	0.08417675644159317	-0.003993332851678133	0.17851541936397552	-0.12481701374053955	0.1117096021771431	0.13959047198295593	-0.007912537083029747	-0.1797187179327011	-0.38342928886413574	0.14220981299877167	0.3284442126750946	0.03298170864582062	0.10883000493049622	0.27246153354644775	0.16947288811206818	-0.25515076518058777	0.17492523789405823	-0.12974689900875092	-0.13387714326381683	-0.11049400269985199	0.013220067135989666	0.1100168377161026
0.2302483320236206	-0.03032444790005684	-0.1973855048418045	-0.03705666586756706	0.27171942591667175	0.18153253197669983	0.07927809655666351	-0.09018457680940628	0.13610488176345825	-0.059275779873132706	-0.09795494377613068	0.03944526985287666	-0.04981141537427902	-0.10085374116897583	-0.19088409841060638	-0.015631213784217834	0.3136747181415558	0.23639045655727386	-0.10916236788034439	0.1707451343536377	-0.018433334305882454	-0.10639945417642593	0.20333653688430786	0.16395533084869385	-0.4709751009941101	-0.22178125381469727	-0.24105951189994812	0.04833246022462845
0.07028456032276154	-0.0642068013548851	0.033246178179979324	0.04575211554765701	0.14529934525489807	0.21566246449947357	-0.09977226704359055	0.08327020704746246	-0.1877281218767166	-0.31487464904785156	0.05232042446732521	-0.02203506976366043	-0.19751478731632233	0.10227640718221664	-0.278730183839798	-0.03478285297751427	-0.023892482742667198	-0.14247140288352966	0.047994472086429596	-0.020375562831759453	-0.02630673348903656	-0.15107814967632294	-0.07527077943086624	0.032129812985658646	-0.14201480150222778	0.05864616855978966	0.21559488773345947	0.14612460136413574
0.0714445486664772	0.1686573177576065	-0.08310534805059433	0.07085403054952621	-0.07750362902879715	-0.1761532723903656	-0.25576353073120117	0.16920094192028046	-0.0897856056690216	0.1775498390197754	-0.2297058254480362	0.06585632264614105	0.20558375120162964	0.14296697080135345	-0.10673838108778	-0.06444264948368073	-0.1521635204553604	-0.214161217212677	0.2703947424888611	0.07705386728048325	0.014774358831346035	0.04965171590447426	0.10596732795238495	0.013637117110192776	0.046996064484119415	-0.1979978084564209	0.004830371122807264	-0.21445521712303162
0.14029861986637115	-0.10061316192150116	-0.05773312970995903	0.04859165847301483	-0.02724495343863964	-0.09667187929153442	0.06276793777942657	-0.026746151968836784	0.05850165709853172	-0.2917768359184265	0.15204507112503052	-0.050361085683107376	0.12026137858629227	-0.10505391657352448	-0.226069375872612	0.18138521909713745	-0.06916864216327667	-0.04165208339691162	-0.20824624598026276	0.40899282693862915	0.006878784857690334	-0.2559523284435272	0.2291269153356552	0.19694441556930542	-0.3901762366294861	-0.01719222217798233	0.21363204717636108	0.05159233137965202
-0.06023654341697693	-0.013514244928956032	-0.006872565019875765	0.05784580856561661	0.12170242518186569	0.20764273405075073	0.01947086490690708	-0.0798712968826294	-0.05397068336606026	-0.31584450602531433	-0.061969175934791565	-0.11242306232452393	-0.011947691440582275	0.14050926268100739	-0.12855547666549683	0.386090487241745	0.2745908796787262	-0.18012771010398865	0.01518833078444004	0.022140996530652046	-0.270274817943573	-0.00908431876450777	0.09160181134939194	0.3189663290977478	-0.048700470477342606	-0.1594967246055603	-0.0326010063290596	0.04485965520143509
-0.13927271962165833	0.12259923666715622	0.1503515988588333	0.03352464735507965	-0.17062661051750183	0.16524627804756165	-0.3114772439002991	0.017459167167544365	0.02304249070584774	-0.23468980193138123	-0.050225306302309036	0.09830643981695175	-0.05016620084643364	-0.0827503502368927	-0.20238368213176727	0.21037830412387848	0.05535495653748512	-0.13987599313259125	-0.021961266174912453	-0.033797845244407654	-0.08194153010845184	-0.020092269405722618	0.1294325590133667	0.19340111315250397	0.038433536887168884	-0.1807042360305786	0.2482149600982666	0.283304899930954
-0.3177810609340668	-0.058515727519989014	-0.1397286057472229	0.08456806093454361	-0.03892041742801666	0.3399970531463623	-0.06914640218019485	-0.24678722023963928	-0.1766304224729538	-0.10189477354288101	0.07555530220270157	0.15796911716461182	0.031008517369627953	-0.015889987349510193	-0.10143540054559708	0.21743279695510864	0.2914968729019165	-0.1507367044687271	0.17055711150169373	0.3335137963294983	0.2466648668050766	0.029708998277783394	-0.12452943623065948	-0.07197742909193039	-0.011231162585318089	0.007165934424847364	-0.12857000529766083	-0.2618676722049713
0.07665414363145828	-0.09285159409046173	-0.0120979780331254	0.04570922628045082	0.053236544132232666	0.14034520089626312	-0.030640417709946632	0.06746666878461838	-0.09645383059978485	-0.24712391197681427	-0.03400564566254616	-0.1313590705394745	-0.1442887783050537	-0.0407579243183136	-0.355221688747406	-0.12117844820022583	0.13110274076461792	-0.07111553102731705	0.01171885896474123	-0.003512098453938961	0.1329573690891266	-0.12626023590564728	-0.07849016785621643	0.05754203721880913	0.035409968346357346	-0.022935019806027412	0.15609760582447052	0.34997156262397766
0.34845155477523804	0.061789702624082565	0.010094963014125824	0.018261555582284927	0.1724856048822403	-0.05059395357966423	0.1947886198759079	-0.1869775801897049	-0.14410823583602905	-0.03585926070809364	-0.15490174293518066	0.21919050812721252	-0.008170422166585922	-0.003760969964787364	-0.1334388703107834	-0.050163161009550095	0.12516435980796814	-0.004404978360980749	0.03513328358530998	0.061967335641384125	0.16494621336460114	-0.20752406120300293	-0.061524003744125366	0.12605053186416626	-0.1908722072839737	-0.3076382577419281	-0.006729104556143284	-0.13188639283180237
-0.2950374484062195	-0.24135024845600128	-0.06841162592172623	0.0004906500107608736	0.29901573061943054	-0.04124894738197327	0.27101391553878784	-0.24731607735157013	-0.09961181879043579	-0.1457487940788269	0.4083041548728943	-0.045255694538354874	0.12006951123476028	0.28387805819511414	0.068369060754776	0.3363325893878937	0.11763793975114822	-0.3996261656284332	-0.0028785569593310356	0.38425421714782715	-0.0377686470746994	-0.5453006029129028	0.23420833051204681	0.22862054407596588	-0.31587788462638855	0.04544991999864578	-0.20386533439159393	-0.2803193926811218
0.24558918178081512	-0.03893314674496651	-0.05374697595834732	0.046438731253147125	0.32610559463500977	0.11470436304807663	0.05816394463181496	-0.19036628305912018	-0.10446086525917053	-0.07909531146287918	0.15699617564678192	-0.0930229052901268	-0.3017679750919342	0.04814222455024719	-0.5489063858985901	-0.18285705149173737	0.1163688600063324	-0.041653916239738464	0.03345905989408493	0.0665820986032486	0.058139774948358536	-0.107305146753788	-0.010073977522552013	-0.09149893373250961	-0.058855656534433365	0.04945221170783043	0.06347570568323135	0.05851075425744057
0.021851135417819023	-0.11543148756027222	-0.14941129088401794	0.031477682292461395	-0.044564444571733475	-0.04738942161202431	-0.08268038183450699	-0.026086129248142242	0.05507766082882881	0.014133168384432793	-0.22125598788261414	0.008785624988377094	0.15667855739593506	-0.024066103622317314	0.3474666178226471	0.2979971766471863	-0.217495858669281	0.34881675243377686	-0.13499762117862701	-0.0403062179684639	0.24142830073833466	-0.10763831436634064	0.23468910157680511	-0.1173933818936348	0.061491623520851135	0.12115886062383652	0.25259342789649963	-0.046921275556087494
-0.06280453503131866	-0.026204634457826614	0.31896868348121643	0.08237345516681671	-0.004955868702381849	0.20615430176258087	0.038434773683547974	0.08865285664796829	-0.03744572028517723	-0.15131793916225433	-0.1884077787399292	-0.06440747529268265	0.1562228500843048	-0.0163880605250597	0.0700327530503273	0.0926567018032074	-0.25291040539741516	-0.01671103574335575	0.2740462124347687	-0.1650751531124115	0.0940379872918129	0.00483499513939023	0.008412494324147701	-0.07096751034259796	-0.17700520157814026	-0.08562489598989487	0.0784667581319809	0.1131649911403656
-0.17992383241653442	-0.06490476429462433	-0.27753040194511414	0.008767061866819859	0.0930992066860199	-0.1471356302499771	-0.08039422333240509	0.1669945865869522	0.12951260805130005	0.26322460174560547	0.043882954865694046	-0.0709356963634491	-0.02950490079820156	-0.2971240282058716	0.1072155311703682	0.2979065179824829	0.05856018140912056	0.11564456671476364	0.012650685384869576	0.0029147244058549404	0.015307726338505745	-0.03988310694694519	0.10344688594341278	-0.03493095561861992	-0.14673826098442078	0.1534804254770279	0.2552548348903656	-0.08811745047569275
0.21368113160133362	-0.4083767235279083	-0.18718944489955902	0.0032579880207777023	0.05465446040034294	0.500507116317749	0.27655863761901855	-0.16033105552196503	0.10331106185913086	0.3216289281845093	0.12053083628416061	-0.020947972312569618	-0.1100897267460823	-0.013084912672638893	-0.253937691450119	0.15193742513656616	0.2560974061489105	-0.07224364578723907	-0.07749401777982712	0.12196497619152069	0.026778437197208405	-0.006749533582478762	-0.038919780403375626	-0.07949846982955933	-0.14676158130168915	-0.08675187826156616	-0.13838854432106018	-0.14410151541233063
0.11873004585504532	0.2096683830022812	-0.21331481635570526	-0.08211809396743774	0.0683620423078537	-0.07323972135782242	0.37438803911209106	-0.3034064471721649	0.04820619523525238	0.1528523713350296	-0.29608169198036194	0.03366681560873985	0.10285765677690506	0.13781926035881042	0.09223465621471405	-0.27524709701538086	0.033400267362594604	0.05211570858955383	-0.11759897321462631	-0.047859106212854385	0.14286069571971893	-0.40883514285087585	0.2353254109621048	0.22840501368045807	-0.13784849643707275	-0.008385976776480675	0.16721050441265106	0.006005255505442619
-0.072166308760643	0.038759034126996994	0.05459236353635788	0.033200617879629135	0.014739831909537315	0.18075163662433624	0.09514878690242767	-0.021471168845891953	0.0380508229136467	-0.07782761007547379	-0.031845055520534515	0.011001735925674438	-0.26620304584503174	0.1011575311422348	-0.012420831248164177	0.40350133180618286	0.042529910802841187	-0.17435294389724731	0.0074523682706058025	-0.22614902257919312	-0.1581375151872635	-0.012428066693246365	-0.06510446220636368	0.028199713677167892	0.26820939779281616	-0.23770348727703094	0.22597180306911469	0.06369753181934357
-0.01063685305416584	-0.23292113840579987	-0.02310362085700035	0.05794325843453407	0.0421639122068882	0.04396132752299309	0.051773086190223694	-0.4612279534339905	-0.19103793799877167	0.11314360052347183	0.008495621383190155	-0.13142342865467072	0.14274962246418	0.06384607404470444	0.019001726061105728	0.28710857033729553	0.1723376363515854	-0.18598544597625732	-0.06539207696914673	0.07099968194961548	-0.10872583091259003	0.17236502468585968	0.032369378954172134	0.36896803975105286	-0.06112217530608177	0.025328196585178375	-0.14842617511749268	0.18084323406219482
0.315839558839798	-0.02122790366411209	-0.00018976590945385396	-0.05901452898979187	-0.06037445738911629	0.017570877447724342	0.077915720641613	0.2280152291059494	0.04173871502280235	-0.1280488669872284	-0.08437642455101013	0.23347556591033936	-0.2545439302921295	-0.08840043097734451	-0.14889022707939148	-0.27275967597961426	0.27400583028793335	0.24004068970680237	0.24611495435237885	-0.06889331340789795	0.15784206986427307	-0.2201286256313324	-0.12931735813617706	-0.10036978125572205	0.02098488062620163	-0.21140260994434357	-0.18943749368190765	0.3741421401500702
0.17674735188484192	-0.10742996633052826	-0.08006048202514648	0.06867748498916626	-0.3111996352672577	0.25228622555732727	0.12722735106945038	0.39257892966270447	0.007980645634233952	-0.02759803645312786	0.45633959770202637	0.04605526104569435	-0.22591052949428558	-0.26828232407569885	-0.45215484499931335	0.015085305087268353	-0.11441894620656967	-0.14020942151546478	0.06075412034988403	0.15332621335983276	0.11732985079288483	-0.02784949541091919	0.13112258911132812	-0.22189673781394958	0.3013303577899933	-0.20082861185073853	-0.05489421263337135	-0.2521548271179199
0.03097548335790634	0.023485423997044563	0.14942097663879395	-0.004484549164772034	-0.13330011069774628	0.018916718661785126	0.10185641050338745	0.09988673776388168	0.09466643631458282	-0.2136712372303009	0.36127421259880066	0.10900328308343887	-0.1397143304347992	-0.07678884267807007	-0.4180329740047455	0.11154499650001526	0.1532222330570221	-0.2044699788093567	0.03832193836569786	0.1540304571390152	0.11901333183050156	-0.21301516890525818	0.11415192484855652	-0.13926048576831818	-0.16503643989562988	-0.15329250693321228	0.04516217112541199	-0.11653851717710495
-0.046488139778375626	-0.12008967995643616	-0.01050491537898779	0.08692753314971924	-0.06599468737840652	0.17436833679676056	-0.011111494153738022	0.11915978789329529	-0.16277427971363068	-0.1489679217338562	0.2597649097442627	0.124229297041893	-0.2626819908618927	-0.0434567965567112	-0.34325841069221497	-0.03886236622929573	0.07667987048625946	-0.17490774393081665	-0.0923066958785057	0.15848912298679352	0.05104983597993851	0.09741141647100449	-0.04763251170516014	0.09273003786802292	0.026637626811861992	0.006626894231885672	0.25040489435195923	-0.09658972173929214
0.1554180383682251	-0.08581946045160294	-0.0968203991651535	0.04336048290133476	0.26770269870758057	0.06991294771432877	0.13785672187805176	0.019664892926812172	-0.06873354315757751	-0.11059792339801788	0.1780463606119156	-0.08311671763658524	-0.10498900711536407	-0.08281896263360977	-0.4863143563270569	0.019144684076309204	0.13115110993385315	-0.1315883845090866	0.10254789888858795	0.17353101074695587	0.035186853259801865	-0.21416018903255463	-0.07183323055505753	-0.09400054812431335	-0.11192284524440765	-0.03661838918924332	-0.06856197863817215	-0.026940543204545975
0.3228721618652344	-0.0525503009557724	-0.03170539438724518	-0.02157224342226982	-0.06473930180072784	-0.13516633212566376	0.05834869295358658	0.17632104456424713	0.00581009779125452	-0.437469482421875	0.0644766092300415	0.09656421095132828	-0.21330252289772034	0.07840784639120102	-0.35323366522789	-0.1893201470375061	0.2056773602962494	0.03518145531415939	0.05525374412536621	0.17955699563026428	0.06819235533475876	-0.23679064214229584	-0.14269882440567017	0.05817994475364685	-0.16728216409683228	-0.08172135800123215	0.023201635107398033	0.36103835701942444
-0.08756229281425476	0.0724654570221901	-0.16102267801761627	0.05992238596081734	-0.035900164395570755	0.2335660606622696	0.18118812143802643	-0.1702653169631958	-0.23607513308525085	-0.01873116008937359	-0.13776767253875732	0.0445142462849617	-0.14903441071510315	0.023769332095980644	-0.33438628911972046	-0.06931006908416748	0.30299967527389526	-0.1803804636001587	0.18755687773227692	0.3819597661495209	0.26367688179016113	-0.04799447953701019	-0.06712816655635834	0.04691668972373009	0.017068805173039436	-0.06929276883602142	0.08439472317695618	-0.37565240263938904
-0.05844421684741974	-0.21359552443027496	0.046470414847135544	0.030839890241622925	0.004521267022937536	0.175056591629982	-0.04416239634156227	0.10712685436010361	-0.21359935402870178	-0.19490286707878113	0.13821478188037872	-0.08744220435619354	-0.039365485310554504	-0.01338185090571642	-0.4076194763183594	-0.07326588034629822	0.20467068254947662	-0.1966111660003662	0.02491658926010132	0.1233585998415947	-0.07318253070116043	-0.18001477420330048	0.0027206626255065203	-0.019638149067759514	0.021650001406669617	0.0027543185278773308	0.24101658165454865	0.1676235944032669
0.07693396508693695	-0.2973034977912903	0.08218900859355927	0.08568883687257767	-0.050893787294626236	0.050425950437784195	-0.15142376720905304	0.29409298300743103	-0.025670062750577927	-0.04712517186999321	0.14204595983028412	-0.0022827463690191507	-0.4114518463611603	-0.030054129660129547	-0.36855459213256836	-0.14804938435554504	0.19719655811786652	-0.11055131256580353	0.0463600717484951	-0.01268060877919197	0.002355050528421998	0.062429334968328476	0.09310824424028397	-0.02777870185673237	-0.1824854612350464	0.0701565146446228	0.32974904775619507	-0.10354385524988174
-0.036487653851509094	-0.2222711145877838	0.2346784770488739	-0.0003152437857352197	-0.11171326786279678	-0.10469701141119003	-0.08525115251541138	-0.02628437802195549	0.06629464775323868	0.20702500641345978	0.08754004538059235	0.30419862270355225	-0.07100904732942581	0.0885300561785698	0.005013469140976667	0.1345299929380417	-0.043913837522268295	-0.1888459473848343	-0.14314010739326477	0.001080316142179072	-0.47574836015701294	-0.13847626745700836	0.34094977378845215	0.2658877968788147	-0.11932989954948425	0.06362538039684296	-0.06530134379863739	0.19240891933441162
0.06795414537191391	-0.07177379727363586	-0.057193778455257416	0.16661374270915985	-0.028987688943743706	-0.05385646969079971	0.2718111276626587	-0.07804632931947708	-0.12259601056575775	-0.5081968307495117	-0.1905638575553894	-0.11915384978055954	-0.24503806233406067	0.41574737429618835	-0.5454796552658081	0.047747913748025894	0.3918199837207794	-0.03381458669900894	0.23877368867397308	0.34212639927864075	0.5344697833061218	-0.07658923417329788	0.039982523769140244	-0.18865935504436493	-0.45194587111473083	0.059402648359537125	0.10632410645484924	-0.16403599083423615
0.0941954106092453	-0.23657691478729248	-0.056096602231264114	0.10898813605308533	-0.22985588014125824	0.2748083770275116	-0.014818117953836918	0.12397965788841248	-0.006514189299196005	-0.12780717015266418	0.244510680437088	-0.12427868694067001	-0.10142732411623001	0.12145224213600159	-0.6071227788925171	0.07038658112287521	-0.035669922828674316	-0.26901230216026306	0.24513983726501465	0.1035175696015358	0.1590612530708313	-0.0037537801545113325	0.09518899023532867	-0.3955221474170685	-0.13144126534461975	-0.16504919528961182	0.24842549860477448	-0.033633165061473846
